receiver,amount,token_type,token_address,id
0x5eAeF8bc670Cd8aE514Bd2e50e443Bf50d4c33ba,0.00000000001,native,,
0x5eAeF8bc670Cd8aE514Bd2e50e443Bf50d4c33ba,0.00000000001,native,,
0x5eAeF8bc670Cd8aE514Bd2e50e443Bf50d4c33ba,0.00000000001,native,,
0x5eAeF8bc670Cd8aE514Bd2e50e443Bf50d4c33ba,0.00000000001,native,,
0x5eAeF8bc670Cd8aE514Bd2e50e443Bf50d4c33ba,0.00000000001,native,,
0x5eAeF8bc670Cd8aE514Bd2e50e443Bf50d4c33ba,0.00000000001,native,,
0x5eAeF8bc670Cd8aE514Bd2e50e443Bf50d4c33ba,0.00000000001,native,,
0x5eAeF8bc670Cd8aE514Bd2e50e443Bf50d4c33ba,0.00000000001,native,,
0x5eAeF8bc670Cd8aE514Bd2e50e443Bf50d4c33ba,0.00000000001,native,,
0x5eAeF8bc670Cd8aE514Bd2e50e443Bf50d4c33ba,0.00000000001,native,,
0x5eAeF8bc670Cd8aE514Bd2e50e443Bf50d4c33ba,0.00000000001,native,,
0x5eAeF8bc670Cd8aE514Bd2e50e443Bf50d4c33ba,0.00000000001,native,,
0x5eAeF8bc670Cd8aE514Bd2e50e443Bf50d4c33ba,0.00000000001,native,,
0x5eAeF8bc670Cd8aE514Bd2e50e443Bf50d4c33ba,0.00000000001,native,,
0x5eAeF8bc670Cd8aE514Bd2e50e443Bf50d4c33ba,0.00000000001,native,,
0x5eAeF8bc670Cd8aE514Bd2e50e443Bf50d4c33ba,0.00000000001,native,,
0x5eAeF8bc670Cd8aE514Bd2e50e443Bf50d4c33ba,0.00000000001,native,,
0x5eAeF8bc670Cd8aE514Bd2e50e443Bf50d4c33ba,0.00000000001,native,,
0x5eAeF8bc670Cd8aE514Bd2e50e443Bf50d4c33ba,0.00000000001,native,,
0x5eAeF8bc670Cd8aE514Bd2e50e443Bf50d4c33ba,0.00000000001,native,,
0x5eAeF8bc670Cd8aE514Bd2e50e443Bf50d4c33ba,0.00000000001,native,,
0x5eAeF8bc670Cd8aE514Bd2e50e443Bf50d4c33ba,0.00000000001,native,,
0x5eAeF8bc670Cd8aE514Bd2e50e443Bf50d4c33ba,0.00000000001,native,,
0x5eAeF8bc670Cd8aE514Bd2e50e443Bf50d4c33ba,0.00000000001,native,,
0x5eAeF8bc670Cd8aE514Bd2e50e443Bf50d4c33ba,0.00000000001,native,,
0x5eAeF8bc670Cd8aE514Bd2e50e443Bf50d4c33ba,0.00000000001,native,,
0x5eAeF8bc670Cd8aE514Bd2e50e443Bf50d4c33ba,0.00000000001,native,,
0x5eAeF8bc670Cd8aE514Bd2e50e443Bf50d4c33ba,0.00000000001,native,,
0x5eAeF8bc670Cd8aE514Bd2e50e443Bf50d4c33ba,0.00000000001,native,,
0x5eAeF8bc670Cd8aE514Bd2e50e443Bf50d4c33ba,0.00000000001,native,,
0x5eAeF8bc670Cd8aE514Bd2e50e443Bf50d4c33ba,0.00000000001,native,,
0x5eAeF8bc670Cd8aE514Bd2e50e443Bf50d4c33ba,0.00000000001,native,,
0x5eAeF8bc670Cd8aE514Bd2e50e443Bf50d4c33ba,0.00000000001,native,,
0x5eAeF8bc670Cd8aE514Bd2e50e443Bf50d4c33ba,0.00000000001,native,,
0x5eAeF8bc670Cd8aE514Bd2e50e443Bf50d4c33ba,0.00000000001,native,,
0x5eAeF8bc670Cd8aE514Bd2e50e443Bf50d4c33ba,0.00000000001,native,,
0x5eAeF8bc670Cd8aE514Bd2e50e443Bf50d4c33ba,0.00000000001,native,,
0x5eAeF8bc670Cd8aE514Bd2e50e443Bf50d4c33ba,0.00000000001,native,,
0x5eAeF8bc670Cd8aE514Bd2e50e443Bf50d4c33ba,0.00000000001,native,,
0x5eAeF8bc670Cd8aE514Bd2e50e443Bf50d4c33ba,0.00000000001,native,,
0x5eAeF8bc670Cd8aE514Bd2e50e443Bf50d4c33ba,0.00000000001,native,,
0x5eAeF8bc670Cd8aE514Bd2e50e443Bf50d4c33ba,0.00000000001,native,,
0x5eAeF8bc670Cd8aE514Bd2e50e443Bf50d4c33ba,0.00000000001,native,,
0x5eAeF8bc670Cd8aE514Bd2e50e443Bf50d4c33ba,0.00000000001,native,,
0x5eAeF8bc670Cd8aE514Bd2e50e443Bf50d4c33ba,0.00000000001,native,,
0x5eAeF8bc670Cd8aE514Bd2e50e443Bf50d4c33ba,0.00000000001,native,,
0x5eAeF8bc670Cd8aE514Bd2e50e443Bf50d4c33ba,0.00000000001,native,,
0x5eAeF8bc670Cd8aE514Bd2e50e443Bf50d4c33ba,0.00000000001,native,,
0x5eAeF8bc670Cd8aE514Bd2e50e443Bf50d4c33ba,0.00000000001,native,,
0x5eAeF8bc670Cd8aE514Bd2e50e443Bf50d4c33ba,0.00000000001,native,,
0x5eAeF8bc670Cd8aE514Bd2e50e443Bf50d4c33ba,0.00000000001,native,,
0x5eAeF8bc670Cd8aE514Bd2e50e443Bf50d4c33ba,0.00000000001,native,,
0x5eAeF8bc670Cd8aE514Bd2e50e443Bf50d4c33ba,0.00000000001,native,,
0x5eAeF8bc670Cd8aE514Bd2e50e443Bf50d4c33ba,0.00000000001,native,,
0x5eAeF8bc670Cd8aE514Bd2e50e443Bf50d4c33ba,0.00000000001,native,,
0x5eAeF8bc670Cd8aE514Bd2e50e443Bf50d4c33ba,0.00000000001,native,,
0x5eAeF8bc670Cd8aE514Bd2e50e443Bf50d4c33ba,0.00000000001,native,,
0x5eAeF8bc670Cd8aE514Bd2e50e443Bf50d4c33ba,0.00000000001,native,,
0x5eAeF8bc670Cd8aE514Bd2e50e443Bf50d4c33ba,0.00000000001,native,,
0x5eAeF8bc670Cd8aE514Bd2e50e443Bf50d4c33ba,0.00000000001,native,,
0x5eAeF8bc670Cd8aE514Bd2e50e443Bf50d4c33ba,0.00000000001,native,,
0x5eAeF8bc670Cd8aE514Bd2e50e443Bf50d4c33ba,0.00000000001,native,,
0x5eAeF8bc670Cd8aE514Bd2e50e443Bf50d4c33ba,0.00000000001,native,,
0x5eAeF8bc670Cd8aE514Bd2e50e443Bf50d4c33ba,0.00000000001,native,,
0x5eAeF8bc670Cd8aE514Bd2e50e443Bf50d4c33ba,0.00000000001,native,,
0x5eAeF8bc670Cd8aE514Bd2e50e443Bf50d4c33ba,0.00000000001,native,,
0x5eAeF8bc670Cd8aE514Bd2e50e443Bf50d4c33ba,0.00000000001,native,,
0x5eAeF8bc670Cd8aE514Bd2e50e443Bf50d4c33ba,0.00000000001,native,,
0x5eAeF8bc670Cd8aE514Bd2e50e443Bf50d4c33ba,0.00000000001,native,,
0x5eAeF8bc670Cd8aE514Bd2e50e443Bf50d4c33ba,0.00000000001,native,,
0x5eAeF8bc670Cd8aE514Bd2e50e443Bf50d4c33ba,0.00000000001,native,,
0x5eAeF8bc670Cd8aE514Bd2e50e443Bf50d4c33ba,0.00000000001,native,,
0x5eAeF8bc670Cd8aE514Bd2e50e443Bf50d4c33ba,0.00000000001,native,,
0x5eAeF8bc670Cd8aE514Bd2e50e443Bf50d4c33ba,0.00000000001,native,,
0x5eAeF8bc670Cd8aE514Bd2e50e443Bf50d4c33ba,0.00000000001,native,,
0x5eAeF8bc670Cd8aE514Bd2e50e443Bf50d4c33ba,0.00000000001,native,,
0x5eAeF8bc670Cd8aE514Bd2e50e443Bf50d4c33ba,0.00000000001,native,,
0x5eAeF8bc670Cd8aE514Bd2e50e443Bf50d4c33ba,0.00000000001,native,,
0x5eAeF8bc670Cd8aE514Bd2e50e443Bf50d4c33ba,0.00000000001,native,,
0x5eAeF8bc670Cd8aE514Bd2e50e443Bf50d4c33ba,0.00000000001,native,,
0x5eAeF8bc670Cd8aE514Bd2e50e443Bf50d4c33ba,0.00000000001,native,,
0x5eAeF8bc670Cd8aE514Bd2e50e443Bf50d4c33ba,0.00000000001,native,,
0x5eAeF8bc670Cd8aE514Bd2e50e443Bf50d4c33ba,0.00000000001,native,,
0x5eAeF8bc670Cd8aE514Bd2e50e443Bf50d4c33ba,0.00000000001,native,,
0x5eAeF8bc670Cd8aE514Bd2e50e443Bf50d4c33ba,0.00000000001,native,,
0x5eAeF8bc670Cd8aE514Bd2e50e443Bf50d4c33ba,0.00000000001,native,,
0x5eAeF8bc670Cd8aE514Bd2e50e443Bf50d4c33ba,0.00000000001,native,,
0x5eAeF8bc670Cd8aE514Bd2e50e443Bf50d4c33ba,0.00000000001,native,,
0x5eAeF8bc670Cd8aE514Bd2e50e443Bf50d4c33ba,0.00000000001,native,,
0x5eAeF8bc670Cd8aE514Bd2e50e443Bf50d4c33ba,0.00000000001,native,,
0x5eAeF8bc670Cd8aE514Bd2e50e443Bf50d4c33ba,0.00000000001,native,,
0x5eAeF8bc670Cd8aE514Bd2e50e443Bf50d4c33ba,0.00000000001,native,,
0x5eAeF8bc670Cd8aE514Bd2e50e443Bf50d4c33ba,0.00000000001,native,,
0x5eAeF8bc670Cd8aE514Bd2e50e443Bf50d4c33ba,0.00000000001,native,,
0x5eAeF8bc670Cd8aE514Bd2e50e443Bf50d4c33ba,0.00000000001,native,,
0x5eAeF8bc670Cd8aE514Bd2e50e443Bf50d4c33ba,0.00000000001,native,,
0x5eAeF8bc670Cd8aE514Bd2e50e443Bf50d4c33ba,0.00000000001,native,,
0x5eAeF8bc670Cd8aE514Bd2e50e443Bf50d4c33ba,0.00000000001,native,,
0x5eAeF8bc670Cd8aE514Bd2e50e443Bf50d4c33ba,0.00000000001,native,,
0x5eAeF8bc670Cd8aE514Bd2e50e443Bf50d4c33ba,0.00000000001,native,,
0x5eAeF8bc670Cd8aE514Bd2e50e443Bf50d4c33ba,0.00000000001,native,,
0x5eAeF8bc670Cd8aE514Bd2e50e443Bf50d4c33ba,0.00000000001,native,,
0x5eAeF8bc670Cd8aE514Bd2e50e443Bf50d4c33ba,0.00000000001,native,,
0x5eAeF8bc670Cd8aE514Bd2e50e443Bf50d4c33ba,0.00000000001,native,,
0x5eAeF8bc670Cd8aE514Bd2e50e443Bf50d4c33ba,0.00000000001,native,,
0x5eAeF8bc670Cd8aE514Bd2e50e443Bf50d4c33ba,0.00000000001,native,,
0x5eAeF8bc670Cd8aE514Bd2e50e443Bf50d4c33ba,0.00000000001,native,,
0x5eAeF8bc670Cd8aE514Bd2e50e443Bf50d4c33ba,0.00000000001,native,,
0x5eAeF8bc670Cd8aE514Bd2e50e443Bf50d4c33ba,0.00000000001,native,,
0x5eAeF8bc670Cd8aE514Bd2e50e443Bf50d4c33ba,0.00000000001,native,,
0x5eAeF8bc670Cd8aE514Bd2e50e443Bf50d4c33ba,0.00000000001,native,,
0x5eAeF8bc670Cd8aE514Bd2e50e443Bf50d4c33ba,0.00000000001,native,,
0x5eAeF8bc670Cd8aE514Bd2e50e443Bf50d4c33ba,0.00000000001,native,,
0x5eAeF8bc670Cd8aE514Bd2e50e443Bf50d4c33ba,0.00000000001,native,,
0x5eAeF8bc670Cd8aE514Bd2e50e443Bf50d4c33ba,0.00000000001,native,,
0x5eAeF8bc670Cd8aE514Bd2e50e443Bf50d4c33ba,0.00000000001,native,,
0x5eAeF8bc670Cd8aE514Bd2e50e443Bf50d4c33ba,0.00000000001,native,,
0x5eAeF8bc670Cd8aE514Bd2e50e443Bf50d4c33ba,0.00000000001,native,,
0x5eAeF8bc670Cd8aE514Bd2e50e443Bf50d4c33ba,0.00000000001,native,,
0x5eAeF8bc670Cd8aE514Bd2e50e443Bf50d4c33ba,0.00000000001,native,,
0x5eAeF8bc670Cd8aE514Bd2e50e443Bf50d4c33ba,0.00000000001,native,,
0x5eAeF8bc670Cd8aE514Bd2e50e443Bf50d4c33ba,0.00000000001,native,,
0x5eAeF8bc670Cd8aE514Bd2e50e443Bf50d4c33ba,0.00000000001,native,,
0x5eAeF8bc670Cd8aE514Bd2e50e443Bf50d4c33ba,0.00000000001,native,,
0x5eAeF8bc670Cd8aE514Bd2e50e443Bf50d4c33ba,0.00000000001,native,,
0x5eAeF8bc670Cd8aE514Bd2e50e443Bf50d4c33ba,0.00000000001,native,,
0x5eAeF8bc670Cd8aE514Bd2e50e443Bf50d4c33ba,0.00000000001,native,,
0x5eAeF8bc670Cd8aE514Bd2e50e443Bf50d4c33ba,0.00000000001,native,,
0x5eAeF8bc670Cd8aE514Bd2e50e443Bf50d4c33ba,0.00000000001,native,,
0x5eAeF8bc670Cd8aE514Bd2e50e443Bf50d4c33ba,0.00000000001,native,,
0x5eAeF8bc670Cd8aE514Bd2e50e443Bf50d4c33ba,0.00000000001,native,,
0x5eAeF8bc670Cd8aE514Bd2e50e443Bf50d4c33ba,0.00000000001,native,,
0x5eAeF8bc670Cd8aE514Bd2e50e443Bf50d4c33ba,0.00000000001,native,,
0x5eAeF8bc670Cd8aE514Bd2e50e443Bf50d4c33ba,0.00000000001,native,,
0x5eAeF8bc670Cd8aE514Bd2e50e443Bf50d4c33ba,0.00000000001,native,,
0x5eAeF8bc670Cd8aE514Bd2e50e443Bf50d4c33ba,0.00000000001,native,,
0x5eAeF8bc670Cd8aE514Bd2e50e443Bf50d4c33ba,0.00000000001,native,,
0x5eAeF8bc670Cd8aE514Bd2e50e443Bf50d4c33ba,0.00000000001,native,,
0x5eAeF8bc670Cd8aE514Bd2e50e443Bf50d4c33ba,0.00000000001,native,,
0x5eAeF8bc670Cd8aE514Bd2e50e443Bf50d4c33ba,0.00000000001,native,,
0x5eAeF8bc670Cd8aE514Bd2e50e443Bf50d4c33ba,0.00000000001,native,,
0x5eAeF8bc670Cd8aE514Bd2e50e443Bf50d4c33ba,0.00000000001,native,,
0x5eAeF8bc670Cd8aE514Bd2e50e443Bf50d4c33ba,0.00000000001,native,,
0x5eAeF8bc670Cd8aE514Bd2e50e443Bf50d4c33ba,0.00000000001,native,,
0x5eAeF8bc670Cd8aE514Bd2e50e443Bf50d4c33ba,0.00000000001,native,,
0x5eAeF8bc670Cd8aE514Bd2e50e443Bf50d4c33ba,0.00000000001,native,,
0x5eAeF8bc670Cd8aE514Bd2e50e443Bf50d4c33ba,0.00000000001,native,,
0x5eAeF8bc670Cd8aE514Bd2e50e443Bf50d4c33ba,0.00000000001,native,,
0x5eAeF8bc670Cd8aE514Bd2e50e443Bf50d4c33ba,0.00000000001,native,,
0x5eAeF8bc670Cd8aE514Bd2e50e443Bf50d4c33ba,0.00000000001,native,,
0x5eAeF8bc670Cd8aE514Bd2e50e443Bf50d4c33ba,0.00000000001,native,,
0x5eAeF8bc670Cd8aE514Bd2e50e443Bf50d4c33ba,0.00000000001,native,,
0x5eAeF8bc670Cd8aE514Bd2e50e443Bf50d4c33ba,0.00000000001,native,,
0x5eAeF8bc670Cd8aE514Bd2e50e443Bf50d4c33ba,0.00000000001,native,,
0x5eAeF8bc670Cd8aE514Bd2e50e443Bf50d4c33ba,0.00000000001,native,,
0x5eAeF8bc670Cd8aE514Bd2e50e443Bf50d4c33ba,0.00000000001,native,,
0x5eAeF8bc670Cd8aE514Bd2e50e443Bf50d4c33ba,0.00000000001,native,,
0x5eAeF8bc670Cd8aE514Bd2e50e443Bf50d4c33ba,0.00000000001,native,,
0x5eAeF8bc670Cd8aE514Bd2e50e443Bf50d4c33ba,0.00000000001,native,,
0x5eAeF8bc670Cd8aE514Bd2e50e443Bf50d4c33ba,0.00000000001,native,,
0x5eAeF8bc670Cd8aE514Bd2e50e443Bf50d4c33ba,0.00000000001,native,,
0x5eAeF8bc670Cd8aE514Bd2e50e443Bf50d4c33ba,0.00000000001,native,,
0x5eAeF8bc670Cd8aE514Bd2e50e443Bf50d4c33ba,0.00000000001,native,,
0x5eAeF8bc670Cd8aE514Bd2e50e443Bf50d4c33ba,0.00000000001,native,,
0x5eAeF8bc670Cd8aE514Bd2e50e443Bf50d4c33ba,0.00000000001,native,,
0x5eAeF8bc670Cd8aE514Bd2e50e443Bf50d4c33ba,0.00000000001,native,,
0x5eAeF8bc670Cd8aE514Bd2e50e443Bf50d4c33ba,0.00000000001,native,,
0x5eAeF8bc670Cd8aE514Bd2e50e443Bf50d4c33ba,0.00000000001,native,,
0x5eAeF8bc670Cd8aE514Bd2e50e443Bf50d4c33ba,0.00000000001,native,,
0x5eAeF8bc670Cd8aE514Bd2e50e443Bf50d4c33ba,0.00000000001,native,,
0x5eAeF8bc670Cd8aE514Bd2e50e443Bf50d4c33ba,0.00000000001,native,,
0x5eAeF8bc670Cd8aE514Bd2e50e443Bf50d4c33ba,0.00000000001,native,,
0x5eAeF8bc670Cd8aE514Bd2e50e443Bf50d4c33ba,0.00000000001,native,,
0x5eAeF8bc670Cd8aE514Bd2e50e443Bf50d4c33ba,0.00000000001,native,,
0x5eAeF8bc670Cd8aE514Bd2e50e443Bf50d4c33ba,0.00000000001,native,,
0x5eAeF8bc670Cd8aE514Bd2e50e443Bf50d4c33ba,0.00000000001,native,,
0x5eAeF8bc670Cd8aE514Bd2e50e443Bf50d4c33ba,0.00000000001,native,,
0x5eAeF8bc670Cd8aE514Bd2e50e443Bf50d4c33ba,0.00000000001,native,,
0x5eAeF8bc670Cd8aE514Bd2e50e443Bf50d4c33ba,0.00000000001,native,,
0x5eAeF8bc670Cd8aE514Bd2e50e443Bf50d4c33ba,0.00000000001,native,,
0x5eAeF8bc670Cd8aE514Bd2e50e443Bf50d4c33ba,0.00000000001,native,,
0x5eAeF8bc670Cd8aE514Bd2e50e443Bf50d4c33ba,0.00000000001,native,,
0x5eAeF8bc670Cd8aE514Bd2e50e443Bf50d4c33ba,0.00000000001,native,,
0x5eAeF8bc670Cd8aE514Bd2e50e443Bf50d4c33ba,0.00000000001,native,,
0x5eAeF8bc670Cd8aE514Bd2e50e443Bf50d4c33ba,0.00000000001,native,,
0x5eAeF8bc670Cd8aE514Bd2e50e443Bf50d4c33ba,0.00000000001,native,,
0x5eAeF8bc670Cd8aE514Bd2e50e443Bf50d4c33ba,0.00000000001,native,,
0x5eAeF8bc670Cd8aE514Bd2e50e443Bf50d4c33ba,0.00000000001,native,,
0x5eAeF8bc670Cd8aE514Bd2e50e443Bf50d4c33ba,0.00000000001,native,,
0x5eAeF8bc670Cd8aE514Bd2e50e443Bf50d4c33ba,0.00000000001,native,,
0x5eAeF8bc670Cd8aE514Bd2e50e443Bf50d4c33ba,0.00000000001,native,,
0x5eAeF8bc670Cd8aE514Bd2e50e443Bf50d4c33ba,0.00000000001,native,,
0x5eAeF8bc670Cd8aE514Bd2e50e443Bf50d4c33ba,0.00000000001,native,,
0x5eAeF8bc670Cd8aE514Bd2e50e443Bf50d4c33ba,0.00000000001,native,,
0x5eAeF8bc670Cd8aE514Bd2e50e443Bf50d4c33ba,0.00000000001,native,,
0x5eAeF8bc670Cd8aE514Bd2e50e443Bf50d4c33ba,0.00000000001,native,,
0x5eAeF8bc670Cd8aE514Bd2e50e443Bf50d4c33ba,0.00000000001,native,,
0x5eAeF8bc670Cd8aE514Bd2e50e443Bf50d4c33ba,0.00000000001,native,,
0x5eAeF8bc670Cd8aE514Bd2e50e443Bf50d4c33ba,0.00000000001,native,,
0x5eAeF8bc670Cd8aE514Bd2e50e443Bf50d4c33ba,0.00000000001,native,,
0x5eAeF8bc670Cd8aE514Bd2e50e443Bf50d4c33ba,0.00000000001,native,,
0x5eAeF8bc670Cd8aE514Bd2e50e443Bf50d4c33ba,0.00000000001,native,,
0x5eAeF8bc670Cd8aE514Bd2e50e443Bf50d4c33ba,0.00000000001,native,,
0x5eAeF8bc670Cd8aE514Bd2e50e443Bf50d4c33ba,0.00000000001,native,,
0x5eAeF8bc670Cd8aE514Bd2e50e443Bf50d4c33ba,0.00000000001,native,,
0x5eAeF8bc670Cd8aE514Bd2e50e443Bf50d4c33ba,0.00000000001,native,,
0x5eAeF8bc670Cd8aE514Bd2e50e443Bf50d4c33ba,0.00000000001,native,,
0x5eAeF8bc670Cd8aE514Bd2e50e443Bf50d4c33ba,0.00000000001,native,,
0x5eAeF8bc670Cd8aE514Bd2e50e443Bf50d4c33ba,0.00000000001,native,,
0x5eAeF8bc670Cd8aE514Bd2e50e443Bf50d4c33ba,0.00000000001,native,,
0x5eAeF8bc670Cd8aE514Bd2e50e443Bf50d4c33ba,0.00000000001,native,,
0x5eAeF8bc670Cd8aE514Bd2e50e443Bf50d4c33ba,0.00000000001,native,,
0x5eAeF8bc670Cd8aE514Bd2e50e443Bf50d4c33ba,0.00000000001,native,,
0x5eAeF8bc670Cd8aE514Bd2e50e443Bf50d4c33ba,0.00000000001,native,,
0x5eAeF8bc670Cd8aE514Bd2e50e443Bf50d4c33ba,0.00000000001,native,,
0x5eAeF8bc670Cd8aE514Bd2e50e443Bf50d4c33ba,0.00000000001,native,,
0x5eAeF8bc670Cd8aE514Bd2e50e443Bf50d4c33ba,0.00000000001,native,,
0x5eAeF8bc670Cd8aE514Bd2e50e443Bf50d4c33ba,0.00000000001,native,,
0x5eAeF8bc670Cd8aE514Bd2e50e443Bf50d4c33ba,0.00000000001,native,,
0x5eAeF8bc670Cd8aE514Bd2e50e443Bf50d4c33ba,0.00000000001,native,,
0x5eAeF8bc670Cd8aE514Bd2e50e443Bf50d4c33ba,0.00000000001,native,,
0x5eAeF8bc670Cd8aE514Bd2e50e443Bf50d4c33ba,0.00000000001,native,,
0x5eAeF8bc670Cd8aE514Bd2e50e443Bf50d4c33ba,0.00000000001,native,,
0x5eAeF8bc670Cd8aE514Bd2e50e443Bf50d4c33ba,0.00000000001,native,,
0x5eAeF8bc670Cd8aE514Bd2e50e443Bf50d4c33ba,0.00000000001,native,,
0x5eAeF8bc670Cd8aE514Bd2e50e443Bf50d4c33ba,0.00000000001,native,,
0x5eAeF8bc670Cd8aE514Bd2e50e443Bf50d4c33ba,0.00000000001,native,,
0x5eAeF8bc670Cd8aE514Bd2e50e443Bf50d4c33ba,0.00000000001,native,,
0x5eAeF8bc670Cd8aE514Bd2e50e443Bf50d4c33ba,0.00000000001,native,,
0x5eAeF8bc670Cd8aE514Bd2e50e443Bf50d4c33ba,0.00000000001,native,,
0x5eAeF8bc670Cd8aE514Bd2e50e443Bf50d4c33ba,0.00000000001,native,,
0x5eAeF8bc670Cd8aE514Bd2e50e443Bf50d4c33ba,0.00000000001,native,,
0x5eAeF8bc670Cd8aE514Bd2e50e443Bf50d4c33ba,0.00000000001,native,,
0x5eAeF8bc670Cd8aE514Bd2e50e443Bf50d4c33ba,0.00000000001,native,,
0x5eAeF8bc670Cd8aE514Bd2e50e443Bf50d4c33ba,0.00000000001,native,,
0x5eAeF8bc670Cd8aE514Bd2e50e443Bf50d4c33ba,0.00000000001,native,,
0x5eAeF8bc670Cd8aE514Bd2e50e443Bf50d4c33ba,0.00000000001,native,,
0x5eAeF8bc670Cd8aE514Bd2e50e443Bf50d4c33ba,0.00000000001,native,,
0x5eAeF8bc670Cd8aE514Bd2e50e443Bf50d4c33ba,0.00000000001,native,,
0x5eAeF8bc670Cd8aE514Bd2e50e443Bf50d4c33ba,0.00000000001,native,,
0x5eAeF8bc670Cd8aE514Bd2e50e443Bf50d4c33ba,0.00000000001,native,,
0x5eAeF8bc670Cd8aE514Bd2e50e443Bf50d4c33ba,0.00000000001,native,,
0x5eAeF8bc670Cd8aE514Bd2e50e443Bf50d4c33ba,0.00000000001,native,,
0x5eAeF8bc670Cd8aE514Bd2e50e443Bf50d4c33ba,0.00000000001,native,,
0x5eAeF8bc670Cd8aE514Bd2e50e443Bf50d4c33ba,0.00000000001,native,,
0x5eAeF8bc670Cd8aE514Bd2e50e443Bf50d4c33ba,0.00000000001,native,,
0x5eAeF8bc670Cd8aE514Bd2e50e443Bf50d4c33ba,0.00000000001,native,,
0x5eAeF8bc670Cd8aE514Bd2e50e443Bf50d4c33ba,0.00000000001,native,,
0x5eAeF8bc670Cd8aE514Bd2e50e443Bf50d4c33ba,0.00000000001,native,,
0x5eAeF8bc670Cd8aE514Bd2e50e443Bf50d4c33ba,0.00000000001,native,,
0x5eAeF8bc670Cd8aE514Bd2e50e443Bf50d4c33ba,0.00000000001,native,,
0x5eAeF8bc670Cd8aE514Bd2e50e443Bf50d4c33ba,0.00000000001,native,,
0x5eAeF8bc670Cd8aE514Bd2e50e443Bf50d4c33ba,0.00000000001,native,,
0x5eAeF8bc670Cd8aE514Bd2e50e443Bf50d4c33ba,0.00000000001,native,,
0x5eAeF8bc670Cd8aE514Bd2e50e443Bf50d4c33ba,0.00000000001,native,,
0x5eAeF8bc670Cd8aE514Bd2e50e443Bf50d4c33ba,0.00000000001,native,,
0x5eAeF8bc670Cd8aE514Bd2e50e443Bf50d4c33ba,0.00000000001,native,,
0x5eAeF8bc670Cd8aE514Bd2e50e443Bf50d4c33ba,0.00000000001,native,,
0x5eAeF8bc670Cd8aE514Bd2e50e443Bf50d4c33ba,0.00000000001,native,,
0x5eAeF8bc670Cd8aE514Bd2e50e443Bf50d4c33ba,0.00000000001,native,,
0x5eAeF8bc670Cd8aE514Bd2e50e443Bf50d4c33ba,0.00000000001,native,,
0x5eAeF8bc670Cd8aE514Bd2e50e443Bf50d4c33ba,0.00000000001,native,,
0x5eAeF8bc670Cd8aE514Bd2e50e443Bf50d4c33ba,0.00000000001,native,,
0x5eAeF8bc670Cd8aE514Bd2e50e443Bf50d4c33ba,0.00000000001,native,,
0x5eAeF8bc670Cd8aE514Bd2e50e443Bf50d4c33ba,0.00000000001,native,,
0x5eAeF8bc670Cd8aE514Bd2e50e443Bf50d4c33ba,0.00000000001,native,,
0x5eAeF8bc670Cd8aE514Bd2e50e443Bf50d4c33ba,0.00000000001,native,,
0x5eAeF8bc670Cd8aE514Bd2e50e443Bf50d4c33ba,0.00000000001,native,,
0x5eAeF8bc670Cd8aE514Bd2e50e443Bf50d4c33ba,0.00000000001,native,,
0x5eAeF8bc670Cd8aE514Bd2e50e443Bf50d4c33ba,0.00000000001,native,,
0x5eAeF8bc670Cd8aE514Bd2e50e443Bf50d4c33ba,0.00000000001,native,,
0x5eAeF8bc670Cd8aE514Bd2e50e443Bf50d4c33ba,0.00000000001,native,,
0x5eAeF8bc670Cd8aE514Bd2e50e443Bf50d4c33ba,0.00000000001,native,,
0x5eAeF8bc670Cd8aE514Bd2e50e443Bf50d4c33ba,0.00000000001,native,,
0x5eAeF8bc670Cd8aE514Bd2e50e443Bf50d4c33ba,0.00000000001,native,,
0x5eAeF8bc670Cd8aE514Bd2e50e443Bf50d4c33ba,0.00000000001,native,,
0x5eAeF8bc670Cd8aE514Bd2e50e443Bf50d4c33ba,0.00000000001,native,,
0x5eAeF8bc670Cd8aE514Bd2e50e443Bf50d4c33ba,0.00000000001,native,,
0x5eAeF8bc670Cd8aE514Bd2e50e443Bf50d4c33ba,0.00000000001,native,,
0x5eAeF8bc670Cd8aE514Bd2e50e443Bf50d4c33ba,0.00000000001,native,,
0x5eAeF8bc670Cd8aE514Bd2e50e443Bf50d4c33ba,0.00000000001,native,,
0x5eAeF8bc670Cd8aE514Bd2e50e443Bf50d4c33ba,0.00000000001,native,,
0x5eAeF8bc670Cd8aE514Bd2e50e443Bf50d4c33ba,0.00000000001,native,,
0x5eAeF8bc670Cd8aE514Bd2e50e443Bf50d4c33ba,0.00000000001,native,,
0x5eAeF8bc670Cd8aE514Bd2e50e443Bf50d4c33ba,0.00000000001,native,,
0x5eAeF8bc670Cd8aE514Bd2e50e443Bf50d4c33ba,0.00000000001,native,,
0x5eAeF8bc670Cd8aE514Bd2e50e443Bf50d4c33ba,0.00000000001,native,,
0x5eAeF8bc670Cd8aE514Bd2e50e443Bf50d4c33ba,0.00000000001,native,,
0x5eAeF8bc670Cd8aE514Bd2e50e443Bf50d4c33ba,0.00000000001,native,,
0x5eAeF8bc670Cd8aE514Bd2e50e443Bf50d4c33ba,0.00000000001,native,,
0x5eAeF8bc670Cd8aE514Bd2e50e443Bf50d4c33ba,0.00000000001,native,,
0x5eAeF8bc670Cd8aE514Bd2e50e443Bf50d4c33ba,0.00000000001,native,,
0x5eAeF8bc670Cd8aE514Bd2e50e443Bf50d4c33ba,0.00000000001,native,,
0x5eAeF8bc670Cd8aE514Bd2e50e443Bf50d4c33ba,0.00000000001,native,,
0x5eAeF8bc670Cd8aE514Bd2e50e443Bf50d4c33ba,0.00000000001,native,,
0x5eAeF8bc670Cd8aE514Bd2e50e443Bf50d4c33ba,0.00000000001,native,,
0x5eAeF8bc670Cd8aE514Bd2e50e443Bf50d4c33ba,0.00000000001,native,,
0x5eAeF8bc670Cd8aE514Bd2e50e443Bf50d4c33ba,0.00000000001,native,,
0x5eAeF8bc670Cd8aE514Bd2e50e443Bf50d4c33ba,0.00000000001,native,,
0x5eAeF8bc670Cd8aE514Bd2e50e443Bf50d4c33ba,0.00000000001,native,,
0x5eAeF8bc670Cd8aE514Bd2e50e443Bf50d4c33ba,0.00000000001,native,,
0x5eAeF8bc670Cd8aE514Bd2e50e443Bf50d4c33ba,0.00000000001,native,,
0x5eAeF8bc670Cd8aE514Bd2e50e443Bf50d4c33ba,0.00000000001,native,,
0x5eAeF8bc670Cd8aE514Bd2e50e443Bf50d4c33ba,0.00000000001,native,,
0x5eAeF8bc670Cd8aE514Bd2e50e443Bf50d4c33ba,0.00000000001,native,,
0x5eAeF8bc670Cd8aE514Bd2e50e443Bf50d4c33ba,0.00000000001,native,,
0x5eAeF8bc670Cd8aE514Bd2e50e443Bf50d4c33ba,0.00000000001,native,,
0x5eAeF8bc670Cd8aE514Bd2e50e443Bf50d4c33ba,0.00000000001,native,,
0x5eAeF8bc670Cd8aE514Bd2e50e443Bf50d4c33ba,0.00000000001,native,,
0x5eAeF8bc670Cd8aE514Bd2e50e443Bf50d4c33ba,0.00000000001,native,,
0x5eAeF8bc670Cd8aE514Bd2e50e443Bf50d4c33ba,0.00000000001,native,,
0x5eAeF8bc670Cd8aE514Bd2e50e443Bf50d4c33ba,0.00000000001,native,,
0x5eAeF8bc670Cd8aE514Bd2e50e443Bf50d4c33ba,0.00000000001,native,,
0x5eAeF8bc670Cd8aE514Bd2e50e443Bf50d4c33ba,0.00000000001,native,,
0x5eAeF8bc670Cd8aE514Bd2e50e443Bf50d4c33ba,0.00000000001,native,,
0x5eAeF8bc670Cd8aE514Bd2e50e443Bf50d4c33ba,0.00000000001,native,,
0x5eAeF8bc670Cd8aE514Bd2e50e443Bf50d4c33ba,0.00000000001,native,,
0x5eAeF8bc670Cd8aE514Bd2e50e443Bf50d4c33ba,0.00000000001,native,,
0x5eAeF8bc670Cd8aE514Bd2e50e443Bf50d4c33ba,0.00000000001,native,,
0x5eAeF8bc670Cd8aE514Bd2e50e443Bf50d4c33ba,0.00000000001,native,,
0x5eAeF8bc670Cd8aE514Bd2e50e443Bf50d4c33ba,0.00000000001,native,,
0x5eAeF8bc670Cd8aE514Bd2e50e443Bf50d4c33ba,0.00000000001,native,,
0x5eAeF8bc670Cd8aE514Bd2e50e443Bf50d4c33ba,0.00000000001,native,,
0x5eAeF8bc670Cd8aE514Bd2e50e443Bf50d4c33ba,0.00000000001,native,,
0x5eAeF8bc670Cd8aE514Bd2e50e443Bf50d4c33ba,0.00000000001,native,,
0x5eAeF8bc670Cd8aE514Bd2e50e443Bf50d4c33ba,0.00000000001,native,,
0x5eAeF8bc670Cd8aE514Bd2e50e443Bf50d4c33ba,0.00000000001,native,,
0x5eAeF8bc670Cd8aE514Bd2e50e443Bf50d4c33ba,0.00000000001,native,,
0x5eAeF8bc670Cd8aE514Bd2e50e443Bf50d4c33ba,0.00000000001,native,,
0x5eAeF8bc670Cd8aE514Bd2e50e443Bf50d4c33ba,0.00000000001,native,,
0x5eAeF8bc670Cd8aE514Bd2e50e443Bf50d4c33ba,0.00000000001,native,,
0x5eAeF8bc670Cd8aE514Bd2e50e443Bf50d4c33ba,0.00000000001,native,,
0x5eAeF8bc670Cd8aE514Bd2e50e443Bf50d4c33ba,0.00000000001,native,,
0x5eAeF8bc670Cd8aE514Bd2e50e443Bf50d4c33ba,0.00000000001,native,,
0x5eAeF8bc670Cd8aE514Bd2e50e443Bf50d4c33ba,0.00000000001,native,,
0x5eAeF8bc670Cd8aE514Bd2e50e443Bf50d4c33ba,0.00000000001,native,,
0x5eAeF8bc670Cd8aE514Bd2e50e443Bf50d4c33ba,0.00000000001,native,,
0x5eAeF8bc670Cd8aE514Bd2e50e443Bf50d4c33ba,0.00000000001,native,,
0x5eAeF8bc670Cd8aE514Bd2e50e443Bf50d4c33ba,0.00000000001,native,,
0x5eAeF8bc670Cd8aE514Bd2e50e443Bf50d4c33ba,0.00000000001,native,,
0x5eAeF8bc670Cd8aE514Bd2e50e443Bf50d4c33ba,0.00000000001,native,,
0x5eAeF8bc670Cd8aE514Bd2e50e443Bf50d4c33ba,0.00000000001,native,,
0x5eAeF8bc670Cd8aE514Bd2e50e443Bf50d4c33ba,0.00000000001,native,,
0x5eAeF8bc670Cd8aE514Bd2e50e443Bf50d4c33ba,0.00000000001,native,,
0x5eAeF8bc670Cd8aE514Bd2e50e443Bf50d4c33ba,0.00000000001,native,,
0x5eAeF8bc670Cd8aE514Bd2e50e443Bf50d4c33ba,0.00000000001,native,,
0x5eAeF8bc670Cd8aE514Bd2e50e443Bf50d4c33ba,0.00000000001,native,,
0x5eAeF8bc670Cd8aE514Bd2e50e443Bf50d4c33ba,0.00000000001,native,,
0x5eAeF8bc670Cd8aE514Bd2e50e443Bf50d4c33ba,0.00000000001,native,,
0x5eAeF8bc670Cd8aE514Bd2e50e443Bf50d4c33ba,0.00000000001,native,,
0x5eAeF8bc670Cd8aE514Bd2e50e443Bf50d4c33ba,0.00000000001,native,,
0x5eAeF8bc670Cd8aE514Bd2e50e443Bf50d4c33ba,0.00000000001,native,,
0x5eAeF8bc670Cd8aE514Bd2e50e443Bf50d4c33ba,0.00000000001,native,,
0x5eAeF8bc670Cd8aE514Bd2e50e443Bf50d4c33ba,0.00000000001,native,,
0x5eAeF8bc670Cd8aE514Bd2e50e443Bf50d4c33ba,0.00000000001,native,,
0x5eAeF8bc670Cd8aE514Bd2e50e443Bf50d4c33ba,0.00000000001,native,,
0x5eAeF8bc670Cd8aE514Bd2e50e443Bf50d4c33ba,0.00000000001,native,,
0x5eAeF8bc670Cd8aE514Bd2e50e443Bf50d4c33ba,0.00000000001,native,,
0x5eAeF8bc670Cd8aE514Bd2e50e443Bf50d4c33ba,0.00000000001,native,,
0x5eAeF8bc670Cd8aE514Bd2e50e443Bf50d4c33ba,0.00000000001,native,,
0x5eAeF8bc670Cd8aE514Bd2e50e443Bf50d4c33ba,0.00000000001,native,,
0x5eAeF8bc670Cd8aE514Bd2e50e443Bf50d4c33ba,0.00000000001,native,,
0x5eAeF8bc670Cd8aE514Bd2e50e443Bf50d4c33ba,0.00000000001,native,,
0x5eAeF8bc670Cd8aE514Bd2e50e443Bf50d4c33ba,0.00000000001,native,,
0x5eAeF8bc670Cd8aE514Bd2e50e443Bf50d4c33ba,0.00000000001,native,,
0x5eAeF8bc670Cd8aE514Bd2e50e443Bf50d4c33ba,0.00000000001,native,,
0x5eAeF8bc670Cd8aE514Bd2e50e443Bf50d4c33ba,0.00000000001,native,,
0x5eAeF8bc670Cd8aE514Bd2e50e443Bf50d4c33ba,0.00000000001,native,,
0x5eAeF8bc670Cd8aE514Bd2e50e443Bf50d4c33ba,0.00000000001,native,,
0x5eAeF8bc670Cd8aE514Bd2e50e443Bf50d4c33ba,0.00000000001,native,,
0x5eAeF8bc670Cd8aE514Bd2e50e443Bf50d4c33ba,0.00000000001,native,,
0x5eAeF8bc670Cd8aE514Bd2e50e443Bf50d4c33ba,0.00000000001,native,,
0x5eAeF8bc670Cd8aE514Bd2e50e443Bf50d4c33ba,0.00000000001,native,,
0x5eAeF8bc670Cd8aE514Bd2e50e443Bf50d4c33ba,0.00000000001,native,,
0x5eAeF8bc670Cd8aE514Bd2e50e443Bf50d4c33ba,0.00000000001,native,,
0x5eAeF8bc670Cd8aE514Bd2e50e443Bf50d4c33ba,0.00000000001,native,,
0x5eAeF8bc670Cd8aE514Bd2e50e443Bf50d4c33ba,0.00000000001,native,,
0x5eAeF8bc670Cd8aE514Bd2e50e443Bf50d4c33ba,0.00000000001,native,,
0x5eAeF8bc670Cd8aE514Bd2e50e443Bf50d4c33ba,0.00000000001,native,,
0x5eAeF8bc670Cd8aE514Bd2e50e443Bf50d4c33ba,0.00000000001,native,,
0x5eAeF8bc670Cd8aE514Bd2e50e443Bf50d4c33ba,0.00000000001,native,,
0x5eAeF8bc670Cd8aE514Bd2e50e443Bf50d4c33ba,0.00000000001,native,,
0x5eAeF8bc670Cd8aE514Bd2e50e443Bf50d4c33ba,0.00000000001,native,,
0x5eAeF8bc670Cd8aE514Bd2e50e443Bf50d4c33ba,0.00000000001,native,,
0x5eAeF8bc670Cd8aE514Bd2e50e443Bf50d4c33ba,0.00000000001,native,,
0x5eAeF8bc670Cd8aE514Bd2e50e443Bf50d4c33ba,0.00000000001,native,,
0x5eAeF8bc670Cd8aE514Bd2e50e443Bf50d4c33ba,0.00000000001,native,,
0x5eAeF8bc670Cd8aE514Bd2e50e443Bf50d4c33ba,0.00000000001,native,,
0x5eAeF8bc670Cd8aE514Bd2e50e443Bf50d4c33ba,0.00000000001,native,,
0x5eAeF8bc670Cd8aE514Bd2e50e443Bf50d4c33ba,0.00000000001,native,,
0x5eAeF8bc670Cd8aE514Bd2e50e443Bf50d4c33ba,0.00000000001,native,,
0x5eAeF8bc670Cd8aE514Bd2e50e443Bf50d4c33ba,0.00000000001,native,,
0x5eAeF8bc670Cd8aE514Bd2e50e443Bf50d4c33ba,0.00000000001,native,,
0x5eAeF8bc670Cd8aE514Bd2e50e443Bf50d4c33ba,0.00000000001,native,,
0x5eAeF8bc670Cd8aE514Bd2e50e443Bf50d4c33ba,0.00000000001,native,,
0x5eAeF8bc670Cd8aE514Bd2e50e443Bf50d4c33ba,0.00000000001,native,,
0x5eAeF8bc670Cd8aE514Bd2e50e443Bf50d4c33ba,0.00000000001,native,,
0x5eAeF8bc670Cd8aE514Bd2e50e443Bf50d4c33ba,0.00000000001,native,,
0x5eAeF8bc670Cd8aE514Bd2e50e443Bf50d4c33ba,0.00000000001,native,,
0x5eAeF8bc670Cd8aE514Bd2e50e443Bf50d4c33ba,0.00000000001,native,,
0x5eAeF8bc670Cd8aE514Bd2e50e443Bf50d4c33ba,0.00000000001,native,,
0x5eAeF8bc670Cd8aE514Bd2e50e443Bf50d4c33ba,0.00000000001,native,,
0x5eAeF8bc670Cd8aE514Bd2e50e443Bf50d4c33ba,0.00000000001,native,,
0x5eAeF8bc670Cd8aE514Bd2e50e443Bf50d4c33ba,0.00000000001,native,,
0x5eAeF8bc670Cd8aE514Bd2e50e443Bf50d4c33ba,0.00000000001,native,,
0x5eAeF8bc670Cd8aE514Bd2e50e443Bf50d4c33ba,0.00000000001,native,,
0x5eAeF8bc670Cd8aE514Bd2e50e443Bf50d4c33ba,0.00000000001,native,,
0x5eAeF8bc670Cd8aE514Bd2e50e443Bf50d4c33ba,0.00000000001,native,,
0x5eAeF8bc670Cd8aE514Bd2e50e443Bf50d4c33ba,0.00000000001,native,,
0x5eAeF8bc670Cd8aE514Bd2e50e443Bf50d4c33ba,0.00000000001,native,,
0x5eAeF8bc670Cd8aE514Bd2e50e443Bf50d4c33ba,0.00000000001,native,,
0x5eAeF8bc670Cd8aE514Bd2e50e443Bf50d4c33ba,0.00000000001,native,,
0x5eAeF8bc670Cd8aE514Bd2e50e443Bf50d4c33ba,0.00000000001,native,,
0x5eAeF8bc670Cd8aE514Bd2e50e443Bf50d4c33ba,0.00000000001,native,,
0x5eAeF8bc670Cd8aE514Bd2e50e443Bf50d4c33ba,0.00000000001,native,,
0x5eAeF8bc670Cd8aE514Bd2e50e443Bf50d4c33ba,0.00000000001,native,,
0x5eAeF8bc670Cd8aE514Bd2e50e443Bf50d4c33ba,0.00000000001,native,,
0x5eAeF8bc670Cd8aE514Bd2e50e443Bf50d4c33ba,0.00000000001,native,,
0x5eAeF8bc670Cd8aE514Bd2e50e443Bf50d4c33ba,0.00000000001,native,,
0x5eAeF8bc670Cd8aE514Bd2e50e443Bf50d4c33ba,0.00000000001,native,,
0x5eAeF8bc670Cd8aE514Bd2e50e443Bf50d4c33ba,0.00000000001,native,,
0x5eAeF8bc670Cd8aE514Bd2e50e443Bf50d4c33ba,0.00000000001,native,,
0x5eAeF8bc670Cd8aE514Bd2e50e443Bf50d4c33ba,0.00000000001,native,,
0x5eAeF8bc670Cd8aE514Bd2e50e443Bf50d4c33ba,0.00000000001,native,,
0x5eAeF8bc670Cd8aE514Bd2e50e443Bf50d4c33ba,0.00000000001,native,,
0x5eAeF8bc670Cd8aE514Bd2e50e443Bf50d4c33ba,0.00000000001,native,,
0x5eAeF8bc670Cd8aE514Bd2e50e443Bf50d4c33ba,0.00000000001,native,,
0x5eAeF8bc670Cd8aE514Bd2e50e443Bf50d4c33ba,0.00000000001,native,,
0x5eAeF8bc670Cd8aE514Bd2e50e443Bf50d4c33ba,0.00000000001,native,,
0x5eAeF8bc670Cd8aE514Bd2e50e443Bf50d4c33ba,0.00000000001,native,,
0x5eAeF8bc670Cd8aE514Bd2e50e443Bf50d4c33ba,0.00000000001,native,,
0x5eAeF8bc670Cd8aE514Bd2e50e443Bf50d4c33ba,0.00000000001,native,,
0x5eAeF8bc670Cd8aE514Bd2e50e443Bf50d4c33ba,0.00000000001,native,,
0x5eAeF8bc670Cd8aE514Bd2e50e443Bf50d4c33ba,0.00000000001,native,,
0x5eAeF8bc670Cd8aE514Bd2e50e443Bf50d4c33ba,0.00000000001,native,,
0x5eAeF8bc670Cd8aE514Bd2e50e443Bf50d4c33ba,0.00000000001,native,,
0x5eAeF8bc670Cd8aE514Bd2e50e443Bf50d4c33ba,0.00000000001,native,,
0x5eAeF8bc670Cd8aE514Bd2e50e443Bf50d4c33ba,0.00000000001,native,,
0x5eAeF8bc670Cd8aE514Bd2e50e443Bf50d4c33ba,0.00000000001,native,,
0x5eAeF8bc670Cd8aE514Bd2e50e443Bf50d4c33ba,0.00000000001,native,,
0x5eAeF8bc670Cd8aE514Bd2e50e443Bf50d4c33ba,0.00000000001,native,,
0x5eAeF8bc670Cd8aE514Bd2e50e443Bf50d4c33ba,0.00000000001,native,,
0x5eAeF8bc670Cd8aE514Bd2e50e443Bf50d4c33ba,0.00000000001,native,,
0x5eAeF8bc670Cd8aE514Bd2e50e443Bf50d4c33ba,0.00000000001,native,,
0x5eAeF8bc670Cd8aE514Bd2e50e443Bf50d4c33ba,0.00000000001,native,,
0x5eAeF8bc670Cd8aE514Bd2e50e443Bf50d4c33ba,0.00000000001,native,,
0x5eAeF8bc670Cd8aE514Bd2e50e443Bf50d4c33ba,0.00000000001,native,,
0x5eAeF8bc670Cd8aE514Bd2e50e443Bf50d4c33ba,0.00000000001,native,,
0x5eAeF8bc670Cd8aE514Bd2e50e443Bf50d4c33ba,0.00000000001,native,,
0x5eAeF8bc670Cd8aE514Bd2e50e443Bf50d4c33ba,0.00000000001,native,,
0x5eAeF8bc670Cd8aE514Bd2e50e443Bf50d4c33ba,0.00000000001,native,,
0x5eAeF8bc670Cd8aE514Bd2e50e443Bf50d4c33ba,0.00000000001,native,,
0x5eAeF8bc670Cd8aE514Bd2e50e443Bf50d4c33ba,0.00000000001,native,,
0x5eAeF8bc670Cd8aE514Bd2e50e443Bf50d4c33ba,0.00000000001,native,,
0x5eAeF8bc670Cd8aE514Bd2e50e443Bf50d4c33ba,0.00000000001,native,,
0x5eAeF8bc670Cd8aE514Bd2e50e443Bf50d4c33ba,0.00000000001,native,,
0x5eAeF8bc670Cd8aE514Bd2e50e443Bf50d4c33ba,0.00000000001,native,,
0x5eAeF8bc670Cd8aE514Bd2e50e443Bf50d4c33ba,0.00000000001,native,,
0x5eAeF8bc670Cd8aE514Bd2e50e443Bf50d4c33ba,0.00000000001,native,,
0x5eAeF8bc670Cd8aE514Bd2e50e443Bf50d4c33ba,0.00000000001,native,,
0x5eAeF8bc670Cd8aE514Bd2e50e443Bf50d4c33ba,0.00000000001,native,,
0x5eAeF8bc670Cd8aE514Bd2e50e443Bf50d4c33ba,0.00000000001,native,,
0x5eAeF8bc670Cd8aE514Bd2e50e443Bf50d4c33ba,0.00000000001,native,,
0x5eAeF8bc670Cd8aE514Bd2e50e443Bf50d4c33ba,0.00000000001,native,,
0x5eAeF8bc670Cd8aE514Bd2e50e443Bf50d4c33ba,0.00000000001,native,,
0x5eAeF8bc670Cd8aE514Bd2e50e443Bf50d4c33ba,0.00000000001,native,,
0x5eAeF8bc670Cd8aE514Bd2e50e443Bf50d4c33ba,0.00000000001,native,,
0x5eAeF8bc670Cd8aE514Bd2e50e443Bf50d4c33ba,0.00000000001,native,,
0x5eAeF8bc670Cd8aE514Bd2e50e443Bf50d4c33ba,0.00000000001,native,,
0x5eAeF8bc670Cd8aE514Bd2e50e443Bf50d4c33ba,0.00000000001,native,,
0x5eAeF8bc670Cd8aE514Bd2e50e443Bf50d4c33ba,0.00000000001,native,,
0x5eAeF8bc670Cd8aE514Bd2e50e443Bf50d4c33ba,0.00000000001,native,,
0x5eAeF8bc670Cd8aE514Bd2e50e443Bf50d4c33ba,0.00000000001,native,,
0x5eAeF8bc670Cd8aE514Bd2e50e443Bf50d4c33ba,0.00000000001,native,,
0x5eAeF8bc670Cd8aE514Bd2e50e443Bf50d4c33ba,0.00000000001,native,,
0x5eAeF8bc670Cd8aE514Bd2e50e443Bf50d4c33ba,0.00000000001,native,,
0x5eAeF8bc670Cd8aE514Bd2e50e443Bf50d4c33ba,0.00000000001,native,,
0x5eAeF8bc670Cd8aE514Bd2e50e443Bf50d4c33ba,0.00000000001,native,,
0x5eAeF8bc670Cd8aE514Bd2e50e443Bf50d4c33ba,0.00000000001,native,,
0x5eAeF8bc670Cd8aE514Bd2e50e443Bf50d4c33ba,0.00000000001,native,,
0x5eAeF8bc670Cd8aE514Bd2e50e443Bf50d4c33ba,0.00000000001,native,,
0x5eAeF8bc670Cd8aE514Bd2e50e443Bf50d4c33ba,0.00000000001,native,,
0x5eAeF8bc670Cd8aE514Bd2e50e443Bf50d4c33ba,0.00000000001,native,,
0x5eAeF8bc670Cd8aE514Bd2e50e443Bf50d4c33ba,0.00000000001,native,,
0x5eAeF8bc670Cd8aE514Bd2e50e443Bf50d4c33ba,0.00000000001,native,,
0x5eAeF8bc670Cd8aE514Bd2e50e443Bf50d4c33ba,0.00000000001,native,,
0x5eAeF8bc670Cd8aE514Bd2e50e443Bf50d4c33ba,0.00000000001,native,,
0x5eAeF8bc670Cd8aE514Bd2e50e443Bf50d4c33ba,0.00000000001,native,,
0x5eAeF8bc670Cd8aE514Bd2e50e443Bf50d4c33ba,0.00000000001,native,,
0x5eAeF8bc670Cd8aE514Bd2e50e443Bf50d4c33ba,0.00000000001,native,,
0x5eAeF8bc670Cd8aE514Bd2e50e443Bf50d4c33ba,0.00000000001,native,,
0x5eAeF8bc670Cd8aE514Bd2e50e443Bf50d4c33ba,0.00000000001,native,,
0x5eAeF8bc670Cd8aE514Bd2e50e443Bf50d4c33ba,0.00000000001,native,,
0x5eAeF8bc670Cd8aE514Bd2e50e443Bf50d4c33ba,0.00000000001,native,,
0x5eAeF8bc670Cd8aE514Bd2e50e443Bf50d4c33ba,0.00000000001,native,,
0x5eAeF8bc670Cd8aE514Bd2e50e443Bf50d4c33ba,0.00000000001,native,,
0x5eAeF8bc670Cd8aE514Bd2e50e443Bf50d4c33ba,0.00000000001,native,,
0x5eAeF8bc670Cd8aE514Bd2e50e443Bf50d4c33ba,0.00000000001,native,,
0x5eAeF8bc670Cd8aE514Bd2e50e443Bf50d4c33ba,0.00000000001,native,,
0x5eAeF8bc670Cd8aE514Bd2e50e443Bf50d4c33ba,0.00000000001,native,,
0x5eAeF8bc670Cd8aE514Bd2e50e443Bf50d4c33ba,0.00000000001,native,,
0x5eAeF8bc670Cd8aE514Bd2e50e443Bf50d4c33ba,0.00000000001,native,,
0x5eAeF8bc670Cd8aE514Bd2e50e443Bf50d4c33ba,0.00000000001,native,,
0x5eAeF8bc670Cd8aE514Bd2e50e443Bf50d4c33ba,0.00000000001,native,,
0x5eAeF8bc670Cd8aE514Bd2e50e443Bf50d4c33ba,0.00000000001,native,,
0x5eAeF8bc670Cd8aE514Bd2e50e443Bf50d4c33ba,0.00000000001,native,,
0x5eAeF8bc670Cd8aE514Bd2e50e443Bf50d4c33ba,0.00000000001,native,,
0x5eAeF8bc670Cd8aE514Bd2e50e443Bf50d4c33ba,0.00000000001,native,,
0x5eAeF8bc670Cd8aE514Bd2e50e443Bf50d4c33ba,0.00000000001,native,,
0x5eAeF8bc670Cd8aE514Bd2e50e443Bf50d4c33ba,0.00000000001,native,,
0x5eAeF8bc670Cd8aE514Bd2e50e443Bf50d4c33ba,0.00000000001,native,,
0x5eAeF8bc670Cd8aE514Bd2e50e443Bf50d4c33ba,0.00000000001,native,,
0x5eAeF8bc670Cd8aE514Bd2e50e443Bf50d4c33ba,0.00000000001,native,,
0x5eAeF8bc670Cd8aE514Bd2e50e443Bf50d4c33ba,0.00000000001,native,,
0x5eAeF8bc670Cd8aE514Bd2e50e443Bf50d4c33ba,0.00000000001,native,,
0x5eAeF8bc670Cd8aE514Bd2e50e443Bf50d4c33ba,0.00000000001,native,,
0x5eAeF8bc670Cd8aE514Bd2e50e443Bf50d4c33ba,0.00000000001,native,,
0x5eAeF8bc670Cd8aE514Bd2e50e443Bf50d4c33ba,0.00000000001,native,,
0x5eAeF8bc670Cd8aE514Bd2e50e443Bf50d4c33ba,0.00000000001,native,,
0x5eAeF8bc670Cd8aE514Bd2e50e443Bf50d4c33ba,0.00000000001,native,,
0x5eAeF8bc670Cd8aE514Bd2e50e443Bf50d4c33ba,0.00000000001,native,,
0x5eAeF8bc670Cd8aE514Bd2e50e443Bf50d4c33ba,0.00000000001,native,,
0x5eAeF8bc670Cd8aE514Bd2e50e443Bf50d4c33ba,0.00000000001,native,,
0x5eAeF8bc670Cd8aE514Bd2e50e443Bf50d4c33ba,0.00000000001,native,,
0x5eAeF8bc670Cd8aE514Bd2e50e443Bf50d4c33ba,0.00000000001,native,,
0x5eAeF8bc670Cd8aE514Bd2e50e443Bf50d4c33ba,0.00000000001,native,,
0x5eAeF8bc670Cd8aE514Bd2e50e443Bf50d4c33ba,0.00000000001,native,,
0x5eAeF8bc670Cd8aE514Bd2e50e443Bf50d4c33ba,0.00000000001,native,,
0x5eAeF8bc670Cd8aE514Bd2e50e443Bf50d4c33ba,0.00000000001,native,,
0x5eAeF8bc670Cd8aE514Bd2e50e443Bf50d4c33ba,0.00000000001,native,,
0x5eAeF8bc670Cd8aE514Bd2e50e443Bf50d4c33ba,0.00000000001,native,,
0x5eAeF8bc670Cd8aE514Bd2e50e443Bf50d4c33ba,0.00000000001,native,,
0x5eAeF8bc670Cd8aE514Bd2e50e443Bf50d4c33ba,0.00000000001,native,,
0x5eAeF8bc670Cd8aE514Bd2e50e443Bf50d4c33ba,0.00000000001,native,,
0x5eAeF8bc670Cd8aE514Bd2e50e443Bf50d4c33ba,0.00000000001,native,,
0x5eAeF8bc670Cd8aE514Bd2e50e443Bf50d4c33ba,0.00000000001,native,,
0x5eAeF8bc670Cd8aE514Bd2e50e443Bf50d4c33ba,0.00000000001,native,,
0x5eAeF8bc670Cd8aE514Bd2e50e443Bf50d4c33ba,0.00000000001,native,,
0x5eAeF8bc670Cd8aE514Bd2e50e443Bf50d4c33ba,0.00000000001,native,,
0x5eAeF8bc670Cd8aE514Bd2e50e443Bf50d4c33ba,0.00000000001,native,,
0x5eAeF8bc670Cd8aE514Bd2e50e443Bf50d4c33ba,0.00000000001,native,,
0x5eAeF8bc670Cd8aE514Bd2e50e443Bf50d4c33ba,0.00000000001,native,,
0x5eAeF8bc670Cd8aE514Bd2e50e443Bf50d4c33ba,0.00000000001,native,,
0x5eAeF8bc670Cd8aE514Bd2e50e443Bf50d4c33ba,0.00000000001,native,,
0x5eAeF8bc670Cd8aE514Bd2e50e443Bf50d4c33ba,0.00000000001,native,,
0x5eAeF8bc670Cd8aE514Bd2e50e443Bf50d4c33ba,0.00000000001,native,,
0x5eAeF8bc670Cd8aE514Bd2e50e443Bf50d4c33ba,0.00000000001,native,,
0x5eAeF8bc670Cd8aE514Bd2e50e443Bf50d4c33ba,0.00000000001,native,,
0x5eAeF8bc670Cd8aE514Bd2e50e443Bf50d4c33ba,0.00000000001,native,,
0x5eAeF8bc670Cd8aE514Bd2e50e443Bf50d4c33ba,0.00000000001,native,,
0x5eAeF8bc670Cd8aE514Bd2e50e443Bf50d4c33ba,0.00000000001,native,,
0x5eAeF8bc670Cd8aE514Bd2e50e443Bf50d4c33ba,0.00000000001,native,,
0x5eAeF8bc670Cd8aE514Bd2e50e443Bf50d4c33ba,0.00000000001,native,,
0x5eAeF8bc670Cd8aE514Bd2e50e443Bf50d4c33ba,0.00000000001,native,,
0x5eAeF8bc670Cd8aE514Bd2e50e443Bf50d4c33ba,0.00000000001,native,,
0x5eAeF8bc670Cd8aE514Bd2e50e443Bf50d4c33ba,0.00000000001,native,,
0x5eAeF8bc670Cd8aE514Bd2e50e443Bf50d4c33ba,0.00000000001,native,,
0x5eAeF8bc670Cd8aE514Bd2e50e443Bf50d4c33ba,0.00000000001,native,,
0x5eAeF8bc670Cd8aE514Bd2e50e443Bf50d4c33ba,0.00000000001,native,,
0x5eAeF8bc670Cd8aE514Bd2e50e443Bf50d4c33ba,0.00000000001,native,,
0x5eAeF8bc670Cd8aE514Bd2e50e443Bf50d4c33ba,0.00000000001,native,,
0x5eAeF8bc670Cd8aE514Bd2e50e443Bf50d4c33ba,0.00000000001,native,,
0x5eAeF8bc670Cd8aE514Bd2e50e443Bf50d4c33ba,0.00000000001,native,,
0x5eAeF8bc670Cd8aE514Bd2e50e443Bf50d4c33ba,0.00000000001,native,,
0x5eAeF8bc670Cd8aE514Bd2e50e443Bf50d4c33ba,0.00000000001,native,,
0x5eAeF8bc670Cd8aE514Bd2e50e443Bf50d4c33ba,0.00000000001,native,,
0x5eAeF8bc670Cd8aE514Bd2e50e443Bf50d4c33ba,0.00000000001,native,,
0x5eAeF8bc670Cd8aE514Bd2e50e443Bf50d4c33ba,0.00000000001,native,,
0x5eAeF8bc670Cd8aE514Bd2e50e443Bf50d4c33ba,0.00000000001,native,,
0x5eAeF8bc670Cd8aE514Bd2e50e443Bf50d4c33ba,0.00000000001,native,,
0x5eAeF8bc670Cd8aE514Bd2e50e443Bf50d4c33ba,0.00000000001,native,,
0x5eAeF8bc670Cd8aE514Bd2e50e443Bf50d4c33ba,0.00000000001,native,,
0x5eAeF8bc670Cd8aE514Bd2e50e443Bf50d4c33ba,0.00000000001,native,,
0x5eAeF8bc670Cd8aE514Bd2e50e443Bf50d4c33ba,0.00000000001,native,,
0x5eAeF8bc670Cd8aE514Bd2e50e443Bf50d4c33ba,0.00000000001,native,,
0x5eAeF8bc670Cd8aE514Bd2e50e443Bf50d4c33ba,0.00000000001,native,,
0x5eAeF8bc670Cd8aE514Bd2e50e443Bf50d4c33ba,0.00000000001,native,,
0x5eAeF8bc670Cd8aE514Bd2e50e443Bf50d4c33ba,0.00000000001,native,,
0x5eAeF8bc670Cd8aE514Bd2e50e443Bf50d4c33ba,0.00000000001,native,,
0x5eAeF8bc670Cd8aE514Bd2e50e443Bf50d4c33ba,0.00000000001,native,,
0x5eAeF8bc670Cd8aE514Bd2e50e443Bf50d4c33ba,0.00000000001,native,,
0x5eAeF8bc670Cd8aE514Bd2e50e443Bf50d4c33ba,0.00000000001,native,,
0x5eAeF8bc670Cd8aE514Bd2e50e443Bf50d4c33ba,0.00000000001,native,,
0x5eAeF8bc670Cd8aE514Bd2e50e443Bf50d4c33ba,0.00000000001,native,,
0x5eAeF8bc670Cd8aE514Bd2e50e443Bf50d4c33ba,0.00000000001,native,,
0x5eAeF8bc670Cd8aE514Bd2e50e443Bf50d4c33ba,0.00000000001,native,,
0x5eAeF8bc670Cd8aE514Bd2e50e443Bf50d4c33ba,0.00000000001,native,,
0x5eAeF8bc670Cd8aE514Bd2e50e443Bf50d4c33ba,0.00000000001,native,,
0x5eAeF8bc670Cd8aE514Bd2e50e443Bf50d4c33ba,0.00000000001,native,,
0x5eAeF8bc670Cd8aE514Bd2e50e443Bf50d4c33ba,0.00000000001,native,,
0x5eAeF8bc670Cd8aE514Bd2e50e443Bf50d4c33ba,0.00000000001,native,,
0x5eAeF8bc670Cd8aE514Bd2e50e443Bf50d4c33ba,0.00000000001,native,,
0x5eAeF8bc670Cd8aE514Bd2e50e443Bf50d4c33ba,0.00000000001,native,,
0x5eAeF8bc670Cd8aE514Bd2e50e443Bf50d4c33ba,0.00000000001,native,,
0x5eAeF8bc670Cd8aE514Bd2e50e443Bf50d4c33ba,0.00000000001,native,,
0x5eAeF8bc670Cd8aE514Bd2e50e443Bf50d4c33ba,0.00000000001,native,,
0x5eAeF8bc670Cd8aE514Bd2e50e443Bf50d4c33ba,0.00000000001,native,,
0x5eAeF8bc670Cd8aE514Bd2e50e443Bf50d4c33ba,0.00000000001,native,,
0x5eAeF8bc670Cd8aE514Bd2e50e443Bf50d4c33ba,0.00000000001,native,,
0x5eAeF8bc670Cd8aE514Bd2e50e443Bf50d4c33ba,0.00000000001,native,,
0x5eAeF8bc670Cd8aE514Bd2e50e443Bf50d4c33ba,0.00000000001,native,,
0x5eAeF8bc670Cd8aE514Bd2e50e443Bf50d4c33ba,0.00000000001,native,,
0x5eAeF8bc670Cd8aE514Bd2e50e443Bf50d4c33ba,0.00000000001,native,,
0x5eAeF8bc670Cd8aE514Bd2e50e443Bf50d4c33ba,0.00000000001,native,,
0x5eAeF8bc670Cd8aE514Bd2e50e443Bf50d4c33ba,0.00000000001,native,,
0x5eAeF8bc670Cd8aE514Bd2e50e443Bf50d4c33ba,0.00000000001,native,,
0x5eAeF8bc670Cd8aE514Bd2e50e443Bf50d4c33ba,0.00000000001,native,,
0x5eAeF8bc670Cd8aE514Bd2e50e443Bf50d4c33ba,0.00000000001,native,,
0x5eAeF8bc670Cd8aE514Bd2e50e443Bf50d4c33ba,0.00000000001,native,,
0x5eAeF8bc670Cd8aE514Bd2e50e443Bf50d4c33ba,0.00000000001,native,,
0x5eAeF8bc670Cd8aE514Bd2e50e443Bf50d4c33ba,0.00000000001,native,,
0x5eAeF8bc670Cd8aE514Bd2e50e443Bf50d4c33ba,0.00000000001,native,,
0x5eAeF8bc670Cd8aE514Bd2e50e443Bf50d4c33ba,0.00000000001,native,,
0x5eAeF8bc670Cd8aE514Bd2e50e443Bf50d4c33ba,0.00000000001,native,,
0x5eAeF8bc670Cd8aE514Bd2e50e443Bf50d4c33ba,0.00000000001,native,,
0x5eAeF8bc670Cd8aE514Bd2e50e443Bf50d4c33ba,0.00000000001,native,,
0x5eAeF8bc670Cd8aE514Bd2e50e443Bf50d4c33ba,0.00000000001,native,,
0x5eAeF8bc670Cd8aE514Bd2e50e443Bf50d4c33ba,0.00000000001,native,,
0x5eAeF8bc670Cd8aE514Bd2e50e443Bf50d4c33ba,0.00000000001,native,,
0x5eAeF8bc670Cd8aE514Bd2e50e443Bf50d4c33ba,0.00000000001,native,,
0x5eAeF8bc670Cd8aE514Bd2e50e443Bf50d4c33ba,0.00000000001,native,,
0x5eAeF8bc670Cd8aE514Bd2e50e443Bf50d4c33ba,0.00000000001,native,,
0x5eAeF8bc670Cd8aE514Bd2e50e443Bf50d4c33ba,0.00000000001,native,,
0x5eAeF8bc670Cd8aE514Bd2e50e443Bf50d4c33ba,0.00000000001,native,,
0x5eAeF8bc670Cd8aE514Bd2e50e443Bf50d4c33ba,0.00000000001,native,,
0x5eAeF8bc670Cd8aE514Bd2e50e443Bf50d4c33ba,0.00000000001,native,,
0x5eAeF8bc670Cd8aE514Bd2e50e443Bf50d4c33ba,0.00000000001,native,,
0x5eAeF8bc670Cd8aE514Bd2e50e443Bf50d4c33ba,0.00000000001,native,,
0x5eAeF8bc670Cd8aE514Bd2e50e443Bf50d4c33ba,0.00000000001,native,,
0x5eAeF8bc670Cd8aE514Bd2e50e443Bf50d4c33ba,0.00000000001,native,,
0x5eAeF8bc670Cd8aE514Bd2e50e443Bf50d4c33ba,0.00000000001,native,,
0x5eAeF8bc670Cd8aE514Bd2e50e443Bf50d4c33ba,0.00000000001,native,,
0x5eAeF8bc670Cd8aE514Bd2e50e443Bf50d4c33ba,0.00000000001,native,,
0x5eAeF8bc670Cd8aE514Bd2e50e443Bf50d4c33ba,0.00000000001,native,,
0x5eAeF8bc670Cd8aE514Bd2e50e443Bf50d4c33ba,0.00000000001,native,,
0x5eAeF8bc670Cd8aE514Bd2e50e443Bf50d4c33ba,0.00000000001,native,,
0x5eAeF8bc670Cd8aE514Bd2e50e443Bf50d4c33ba,0.00000000001,native,,
0x5eAeF8bc670Cd8aE514Bd2e50e443Bf50d4c33ba,0.00000000001,native,,
0x5eAeF8bc670Cd8aE514Bd2e50e443Bf50d4c33ba,0.00000000001,native,,
0x5eAeF8bc670Cd8aE514Bd2e50e443Bf50d4c33ba,0.00000000001,native,,
0x5eAeF8bc670Cd8aE514Bd2e50e443Bf50d4c33ba,0.00000000001,native,,
0x5eAeF8bc670Cd8aE514Bd2e50e443Bf50d4c33ba,0.00000000001,native,,
0x5eAeF8bc670Cd8aE514Bd2e50e443Bf50d4c33ba,0.00000000001,native,,
0x5eAeF8bc670Cd8aE514Bd2e50e443Bf50d4c33ba,0.00000000001,native,,
0x5eAeF8bc670Cd8aE514Bd2e50e443Bf50d4c33ba,0.00000000001,native,,
0x5eAeF8bc670Cd8aE514Bd2e50e443Bf50d4c33ba,0.00000000001,native,,
0x5eAeF8bc670Cd8aE514Bd2e50e443Bf50d4c33ba,0.00000000001,native,,
0x5eAeF8bc670Cd8aE514Bd2e50e443Bf50d4c33ba,0.00000000001,native,,
0x5eAeF8bc670Cd8aE514Bd2e50e443Bf50d4c33ba,0.00000000001,native,,
0x5eAeF8bc670Cd8aE514Bd2e50e443Bf50d4c33ba,0.00000000001,native,,
0x5eAeF8bc670Cd8aE514Bd2e50e443Bf50d4c33ba,0.00000000001,native,,
0x5eAeF8bc670Cd8aE514Bd2e50e443Bf50d4c33ba,0.00000000001,native,,
0x5eAeF8bc670Cd8aE514Bd2e50e443Bf50d4c33ba,0.00000000001,native,,
0x5eAeF8bc670Cd8aE514Bd2e50e443Bf50d4c33ba,0.00000000001,native,,
0x5eAeF8bc670Cd8aE514Bd2e50e443Bf50d4c33ba,0.00000000001,native,,
0x5eAeF8bc670Cd8aE514Bd2e50e443Bf50d4c33ba,0.00000000001,native,,
0x5eAeF8bc670Cd8aE514Bd2e50e443Bf50d4c33ba,0.00000000001,native,,
0x5eAeF8bc670Cd8aE514Bd2e50e443Bf50d4c33ba,0.00000000001,native,,
0x5eAeF8bc670Cd8aE514Bd2e50e443Bf50d4c33ba,0.00000000001,native,,
0x5eAeF8bc670Cd8aE514Bd2e50e443Bf50d4c33ba,0.00000000001,native,,
0x5eAeF8bc670Cd8aE514Bd2e50e443Bf50d4c33ba,0.00000000001,native,,
0x5eAeF8bc670Cd8aE514Bd2e50e443Bf50d4c33ba,0.00000000001,native,,
0x5eAeF8bc670Cd8aE514Bd2e50e443Bf50d4c33ba,0.00000000001,native,,
0x5eAeF8bc670Cd8aE514Bd2e50e443Bf50d4c33ba,0.00000000001,native,,
0x5eAeF8bc670Cd8aE514Bd2e50e443Bf50d4c33ba,0.00000000001,native,,
0x5eAeF8bc670Cd8aE514Bd2e50e443Bf50d4c33ba,0.00000000001,native,,
0x5eAeF8bc670Cd8aE514Bd2e50e443Bf50d4c33ba,0.00000000001,native,,
0x5eAeF8bc670Cd8aE514Bd2e50e443Bf50d4c33ba,0.00000000001,native,,
0x5eAeF8bc670Cd8aE514Bd2e50e443Bf50d4c33ba,0.00000000001,native,,
0x5eAeF8bc670Cd8aE514Bd2e50e443Bf50d4c33ba,0.00000000001,native,,
0x5eAeF8bc670Cd8aE514Bd2e50e443Bf50d4c33ba,0.00000000001,native,,
0x5eAeF8bc670Cd8aE514Bd2e50e443Bf50d4c33ba,0.00000000001,native,,
0x5eAeF8bc670Cd8aE514Bd2e50e443Bf50d4c33ba,0.00000000001,native,,
0x5eAeF8bc670Cd8aE514Bd2e50e443Bf50d4c33ba,0.00000000001,native,,
0x5eAeF8bc670Cd8aE514Bd2e50e443Bf50d4c33ba,0.00000000001,native,,
0x5eAeF8bc670Cd8aE514Bd2e50e443Bf50d4c33ba,0.00000000001,native,,
0x5eAeF8bc670Cd8aE514Bd2e50e443Bf50d4c33ba,0.00000000001,native,,
0x5eAeF8bc670Cd8aE514Bd2e50e443Bf50d4c33ba,0.00000000001,native,,
0x5eAeF8bc670Cd8aE514Bd2e50e443Bf50d4c33ba,0.00000000001,native,,
0x5eAeF8bc670Cd8aE514Bd2e50e443Bf50d4c33ba,0.00000000001,native,,
0x5eAeF8bc670Cd8aE514Bd2e50e443Bf50d4c33ba,0.00000000001,native,,
0x5eAeF8bc670Cd8aE514Bd2e50e443Bf50d4c33ba,0.00000000001,native,,
0x5eAeF8bc670Cd8aE514Bd2e50e443Bf50d4c33ba,0.00000000001,native,,
0x5eAeF8bc670Cd8aE514Bd2e50e443Bf50d4c33ba,0.00000000001,native,,
0x5eAeF8bc670Cd8aE514Bd2e50e443Bf50d4c33ba,0.00000000001,native,,
0x5eAeF8bc670Cd8aE514Bd2e50e443Bf50d4c33ba,0.00000000001,native,,
0x5eAeF8bc670Cd8aE514Bd2e50e443Bf50d4c33ba,0.00000000001,native,,
0x5eAeF8bc670Cd8aE514Bd2e50e443Bf50d4c33ba,0.00000000001,native,,
0x5eAeF8bc670Cd8aE514Bd2e50e443Bf50d4c33ba,0.00000000001,native,,
0x5eAeF8bc670Cd8aE514Bd2e50e443Bf50d4c33ba,0.00000000001,native,,
0x5eAeF8bc670Cd8aE514Bd2e50e443Bf50d4c33ba,0.00000000001,native,,
0x5eAeF8bc670Cd8aE514Bd2e50e443Bf50d4c33ba,0.00000000001,native,,
0x5eAeF8bc670Cd8aE514Bd2e50e443Bf50d4c33ba,0.00000000001,native,,
0x5eAeF8bc670Cd8aE514Bd2e50e443Bf50d4c33ba,0.00000000001,native,,
0x5eAeF8bc670Cd8aE514Bd2e50e443Bf50d4c33ba,0.00000000001,native,,
0x5eAeF8bc670Cd8aE514Bd2e50e443Bf50d4c33ba,0.00000000001,native,,
0x5eAeF8bc670Cd8aE514Bd2e50e443Bf50d4c33ba,0.00000000001,native,,
0x5eAeF8bc670Cd8aE514Bd2e50e443Bf50d4c33ba,0.00000000001,native,,
0x5eAeF8bc670Cd8aE514Bd2e50e443Bf50d4c33ba,0.00000000001,native,,
0x5eAeF8bc670Cd8aE514Bd2e50e443Bf50d4c33ba,0.00000000001,native,,
0x5eAeF8bc670Cd8aE514Bd2e50e443Bf50d4c33ba,0.00000000001,native,,
0x5eAeF8bc670Cd8aE514Bd2e50e443Bf50d4c33ba,0.00000000001,native,,
0x5eAeF8bc670Cd8aE514Bd2e50e443Bf50d4c33ba,0.00000000001,native,,
0x5eAeF8bc670Cd8aE514Bd2e50e443Bf50d4c33ba,0.00000000001,native,,
0x5eAeF8bc670Cd8aE514Bd2e50e443Bf50d4c33ba,0.00000000001,native,,
0x5eAeF8bc670Cd8aE514Bd2e50e443Bf50d4c33ba,0.00000000001,native,,
0x5eAeF8bc670Cd8aE514Bd2e50e443Bf50d4c33ba,0.00000000001,native,,
0x5eAeF8bc670Cd8aE514Bd2e50e443Bf50d4c33ba,0.00000000001,native,,
0x5eAeF8bc670Cd8aE514Bd2e50e443Bf50d4c33ba,0.00000000001,native,,
0x5eAeF8bc670Cd8aE514Bd2e50e443Bf50d4c33ba,0.00000000001,native,,
0x5eAeF8bc670Cd8aE514Bd2e50e443Bf50d4c33ba,0.00000000001,native,,
0x5eAeF8bc670Cd8aE514Bd2e50e443Bf50d4c33ba,0.00000000001,native,,
0x5eAeF8bc670Cd8aE514Bd2e50e443Bf50d4c33ba,0.00000000001,native,,
0x5eAeF8bc670Cd8aE514Bd2e50e443Bf50d4c33ba,0.00000000001,native,,
0x5eAeF8bc670Cd8aE514Bd2e50e443Bf50d4c33ba,0.00000000001,native,,
0x5eAeF8bc670Cd8aE514Bd2e50e443Bf50d4c33ba,0.00000000001,native,,
0x5eAeF8bc670Cd8aE514Bd2e50e443Bf50d4c33ba,0.00000000001,native,,
0x5eAeF8bc670Cd8aE514Bd2e50e443Bf50d4c33ba,0.00000000001,native,,
0x5eAeF8bc670Cd8aE514Bd2e50e443Bf50d4c33ba,0.00000000001,native,,
0x5eAeF8bc670Cd8aE514Bd2e50e443Bf50d4c33ba,0.00000000001,native,,
0x5eAeF8bc670Cd8aE514Bd2e50e443Bf50d4c33ba,0.00000000001,native,,
0x5eAeF8bc670Cd8aE514Bd2e50e443Bf50d4c33ba,0.00000000001,native,,
0x5eAeF8bc670Cd8aE514Bd2e50e443Bf50d4c33ba,0.00000000001,native,,
0x5eAeF8bc670Cd8aE514Bd2e50e443Bf50d4c33ba,0.00000000001,native,,
0x5eAeF8bc670Cd8aE514Bd2e50e443Bf50d4c33ba,0.00000000001,native,,
0x5eAeF8bc670Cd8aE514Bd2e50e443Bf50d4c33ba,0.00000000001,native,,
0x5eAeF8bc670Cd8aE514Bd2e50e443Bf50d4c33ba,0.00000000001,native,,
0x5eAeF8bc670Cd8aE514Bd2e50e443Bf50d4c33ba,0.00000000001,native,,
0x5eAeF8bc670Cd8aE514Bd2e50e443Bf50d4c33ba,0.00000000001,native,,
0x5eAeF8bc670Cd8aE514Bd2e50e443Bf50d4c33ba,0.00000000001,native,,
0x5eAeF8bc670Cd8aE514Bd2e50e443Bf50d4c33ba,0.00000000001,native,,
0x5eAeF8bc670Cd8aE514Bd2e50e443Bf50d4c33ba,0.00000000001,native,,
0x5eAeF8bc670Cd8aE514Bd2e50e443Bf50d4c33ba,0.00000000001,native,,
0x5eAeF8bc670Cd8aE514Bd2e50e443Bf50d4c33ba,0.00000000001,native,,
0x5eAeF8bc670Cd8aE514Bd2e50e443Bf50d4c33ba,0.00000000001,native,,
0x5eAeF8bc670Cd8aE514Bd2e50e443Bf50d4c33ba,0.00000000001,native,,
0x5eAeF8bc670Cd8aE514Bd2e50e443Bf50d4c33ba,0.00000000001,native,,
0x5eAeF8bc670Cd8aE514Bd2e50e443Bf50d4c33ba,0.00000000001,native,,
0x5eAeF8bc670Cd8aE514Bd2e50e443Bf50d4c33ba,0.00000000001,native,,
0x5eAeF8bc670Cd8aE514Bd2e50e443Bf50d4c33ba,0.00000000001,native,,
0x5eAeF8bc670Cd8aE514Bd2e50e443Bf50d4c33ba,0.00000000001,native,,
0x5eAeF8bc670Cd8aE514Bd2e50e443Bf50d4c33ba,0.00000000001,native,,
0x5eAeF8bc670Cd8aE514Bd2e50e443Bf50d4c33ba,0.00000000001,native,,
0x5eAeF8bc670Cd8aE514Bd2e50e443Bf50d4c33ba,0.00000000001,native,,
0x5eAeF8bc670Cd8aE514Bd2e50e443Bf50d4c33ba,0.00000000001,native,,
0x5eAeF8bc670Cd8aE514Bd2e50e443Bf50d4c33ba,0.00000000001,native,,
0x5eAeF8bc670Cd8aE514Bd2e50e443Bf50d4c33ba,0.00000000001,native,,
0x5eAeF8bc670Cd8aE514Bd2e50e443Bf50d4c33ba,0.00000000001,native,,
0x5eAeF8bc670Cd8aE514Bd2e50e443Bf50d4c33ba,0.00000000001,native,,
0x5eAeF8bc670Cd8aE514Bd2e50e443Bf50d4c33ba,0.00000000001,native,,
0x5eAeF8bc670Cd8aE514Bd2e50e443Bf50d4c33ba,0.00000000001,native,,
0x5eAeF8bc670Cd8aE514Bd2e50e443Bf50d4c33ba,0.00000000001,native,,
0x5eAeF8bc670Cd8aE514Bd2e50e443Bf50d4c33ba,0.00000000001,native,,
0x5eAeF8bc670Cd8aE514Bd2e50e443Bf50d4c33ba,0.00000000001,native,,
0x5eAeF8bc670Cd8aE514Bd2e50e443Bf50d4c33ba,0.00000000001,native,,
0x5eAeF8bc670Cd8aE514Bd2e50e443Bf50d4c33ba,0.00000000001,native,,
0x5eAeF8bc670Cd8aE514Bd2e50e443Bf50d4c33ba,0.00000000001,native,,
0x5eAeF8bc670Cd8aE514Bd2e50e443Bf50d4c33ba,0.00000000001,native,,
0x5eAeF8bc670Cd8aE514Bd2e50e443Bf50d4c33ba,0.00000000001,native,,
0x5eAeF8bc670Cd8aE514Bd2e50e443Bf50d4c33ba,0.00000000001,native,,
0x5eAeF8bc670Cd8aE514Bd2e50e443Bf50d4c33ba,0.00000000001,native,,
0x5eAeF8bc670Cd8aE514Bd2e50e443Bf50d4c33ba,0.00000000001,native,,
0x5eAeF8bc670Cd8aE514Bd2e50e443Bf50d4c33ba,0.00000000001,native,,
0x5eAeF8bc670Cd8aE514Bd2e50e443Bf50d4c33ba,0.00000000001,native,,
0x5eAeF8bc670Cd8aE514Bd2e50e443Bf50d4c33ba,0.00000000001,native,,
0x5eAeF8bc670Cd8aE514Bd2e50e443Bf50d4c33ba,0.00000000001,native,,
0x5eAeF8bc670Cd8aE514Bd2e50e443Bf50d4c33ba,0.00000000001,native,,
0x5eAeF8bc670Cd8aE514Bd2e50e443Bf50d4c33ba,0.00000000001,native,,
0x5eAeF8bc670Cd8aE514Bd2e50e443Bf50d4c33ba,0.00000000001,native,,
0x5eAeF8bc670Cd8aE514Bd2e50e443Bf50d4c33ba,0.00000000001,native,,
0x5eAeF8bc670Cd8aE514Bd2e50e443Bf50d4c33ba,0.00000000001,native,,
0x5eAeF8bc670Cd8aE514Bd2e50e443Bf50d4c33ba,0.00000000001,native,,
0x5eAeF8bc670Cd8aE514Bd2e50e443Bf50d4c33ba,0.00000000001,native,,
0x5eAeF8bc670Cd8aE514Bd2e50e443Bf50d4c33ba,0.00000000001,native,,
0x5eAeF8bc670Cd8aE514Bd2e50e443Bf50d4c33ba,0.00000000001,native,,
0x5eAeF8bc670Cd8aE514Bd2e50e443Bf50d4c33ba,0.00000000001,native,,
0x5eAeF8bc670Cd8aE514Bd2e50e443Bf50d4c33ba,0.00000000001,native,,
0x5eAeF8bc670Cd8aE514Bd2e50e443Bf50d4c33ba,0.00000000001,native,,
0x5eAeF8bc670Cd8aE514Bd2e50e443Bf50d4c33ba,0.00000000001,native,,
0x5eAeF8bc670Cd8aE514Bd2e50e443Bf50d4c33ba,0.00000000001,native,,
0x5eAeF8bc670Cd8aE514Bd2e50e443Bf50d4c33ba,0.00000000001,native,,
0x5eAeF8bc670Cd8aE514Bd2e50e443Bf50d4c33ba,0.00000000001,native,,
0x5eAeF8bc670Cd8aE514Bd2e50e443Bf50d4c33ba,0.00000000001,native,,
0x5eAeF8bc670Cd8aE514Bd2e50e443Bf50d4c33ba,0.00000000001,native,,
0x5eAeF8bc670Cd8aE514Bd2e50e443Bf50d4c33ba,0.00000000001,native,,
0x5eAeF8bc670Cd8aE514Bd2e50e443Bf50d4c33ba,0.00000000001,native,,
0x5eAeF8bc670Cd8aE514Bd2e50e443Bf50d4c33ba,0.00000000001,native,,
0x5eAeF8bc670Cd8aE514Bd2e50e443Bf50d4c33ba,0.00000000001,native,,
0x5eAeF8bc670Cd8aE514Bd2e50e443Bf50d4c33ba,0.00000000001,native,,
0x5eAeF8bc670Cd8aE514Bd2e50e443Bf50d4c33ba,0.00000000001,native,,
0x5eAeF8bc670Cd8aE514Bd2e50e443Bf50d4c33ba,0.00000000001,native,,
0x5eAeF8bc670Cd8aE514Bd2e50e443Bf50d4c33ba,0.00000000001,native,,
0x5eAeF8bc670Cd8aE514Bd2e50e443Bf50d4c33ba,0.00000000001,native,,
0x5eAeF8bc670Cd8aE514Bd2e50e443Bf50d4c33ba,0.00000000001,native,,
0x5eAeF8bc670Cd8aE514Bd2e50e443Bf50d4c33ba,0.00000000001,native,,
0x5eAeF8bc670Cd8aE514Bd2e50e443Bf50d4c33ba,0.00000000001,native,,
0x5eAeF8bc670Cd8aE514Bd2e50e443Bf50d4c33ba,0.00000000001,native,,
0x5eAeF8bc670Cd8aE514Bd2e50e443Bf50d4c33ba,0.00000000001,native,,
0x5eAeF8bc670Cd8aE514Bd2e50e443Bf50d4c33ba,0.00000000001,native,,
0x5eAeF8bc670Cd8aE514Bd2e50e443Bf50d4c33ba,0.00000000001,native,,
0x5eAeF8bc670Cd8aE514Bd2e50e443Bf50d4c33ba,0.00000000001,native,,
0x5eAeF8bc670Cd8aE514Bd2e50e443Bf50d4c33ba,0.00000000001,native,,
0x5eAeF8bc670Cd8aE514Bd2e50e443Bf50d4c33ba,0.00000000001,native,,
0x5eAeF8bc670Cd8aE514Bd2e50e443Bf50d4c33ba,0.00000000001,native,,
0x5eAeF8bc670Cd8aE514Bd2e50e443Bf50d4c33ba,0.00000000001,native,,
0x5eAeF8bc670Cd8aE514Bd2e50e443Bf50d4c33ba,0.00000000001,native,,
0x5eAeF8bc670Cd8aE514Bd2e50e443Bf50d4c33ba,0.00000000001,native,,
0x5eAeF8bc670Cd8aE514Bd2e50e443Bf50d4c33ba,0.00000000001,native,,
0x5eAeF8bc670Cd8aE514Bd2e50e443Bf50d4c33ba,0.00000000001,native,,
0x5eAeF8bc670Cd8aE514Bd2e50e443Bf50d4c33ba,0.00000000001,native,,
0x5eAeF8bc670Cd8aE514Bd2e50e443Bf50d4c33ba,0.00000000001,native,,
0x5eAeF8bc670Cd8aE514Bd2e50e443Bf50d4c33ba,0.00000000001,native,,
0x5eAeF8bc670Cd8aE514Bd2e50e443Bf50d4c33ba,0.00000000001,native,,
0x5eAeF8bc670Cd8aE514Bd2e50e443Bf50d4c33ba,0.00000000001,native,,
0x5eAeF8bc670Cd8aE514Bd2e50e443Bf50d4c33ba,0.00000000001,native,,
0x5eAeF8bc670Cd8aE514Bd2e50e443Bf50d4c33ba,0.00000000001,native,,
0x5eAeF8bc670Cd8aE514Bd2e50e443Bf50d4c33ba,0.00000000001,native,,
0x5eAeF8bc670Cd8aE514Bd2e50e443Bf50d4c33ba,0.00000000001,native,,
0x5eAeF8bc670Cd8aE514Bd2e50e443Bf50d4c33ba,0.00000000001,native,,
0x5eAeF8bc670Cd8aE514Bd2e50e443Bf50d4c33ba,0.00000000001,native,,
0x5eAeF8bc670Cd8aE514Bd2e50e443Bf50d4c33ba,0.00000000001,native,,
0x5eAeF8bc670Cd8aE514Bd2e50e443Bf50d4c33ba,0.00000000001,native,,
0x5eAeF8bc670Cd8aE514Bd2e50e443Bf50d4c33ba,0.00000000001,native,,
0x5eAeF8bc670Cd8aE514Bd2e50e443Bf50d4c33ba,0.00000000001,native,,
0x5eAeF8bc670Cd8aE514Bd2e50e443Bf50d4c33ba,0.00000000001,native,,
0x5eAeF8bc670Cd8aE514Bd2e50e443Bf50d4c33ba,0.00000000001,native,,
0x5eAeF8bc670Cd8aE514Bd2e50e443Bf50d4c33ba,0.00000000001,native,,
0x5eAeF8bc670Cd8aE514Bd2e50e443Bf50d4c33ba,0.00000000001,native,,
0x5eAeF8bc670Cd8aE514Bd2e50e443Bf50d4c33ba,0.00000000001,native,,
0x5eAeF8bc670Cd8aE514Bd2e50e443Bf50d4c33ba,0.00000000001,native,,
0x5eAeF8bc670Cd8aE514Bd2e50e443Bf50d4c33ba,0.00000000001,native,,
0x5eAeF8bc670Cd8aE514Bd2e50e443Bf50d4c33ba,0.00000000001,native,,
0x5eAeF8bc670Cd8aE514Bd2e50e443Bf50d4c33ba,0.00000000001,native,,
0x5eAeF8bc670Cd8aE514Bd2e50e443Bf50d4c33ba,0.00000000001,native,,
0x5eAeF8bc670Cd8aE514Bd2e50e443Bf50d4c33ba,0.00000000001,native,,
0x5eAeF8bc670Cd8aE514Bd2e50e443Bf50d4c33ba,0.00000000001,native,,
0x5eAeF8bc670Cd8aE514Bd2e50e443Bf50d4c33ba,0.00000000001,native,,
0x5eAeF8bc670Cd8aE514Bd2e50e443Bf50d4c33ba,0.00000000001,native,,
0x5eAeF8bc670Cd8aE514Bd2e50e443Bf50d4c33ba,0.00000000001,native,,
0x5eAeF8bc670Cd8aE514Bd2e50e443Bf50d4c33ba,0.00000000001,native,,
0x5eAeF8bc670Cd8aE514Bd2e50e443Bf50d4c33ba,0.00000000001,native,,
0x5eAeF8bc670Cd8aE514Bd2e50e443Bf50d4c33ba,0.00000000001,native,,
0x5eAeF8bc670Cd8aE514Bd2e50e443Bf50d4c33ba,0.00000000001,native,,
0x5eAeF8bc670Cd8aE514Bd2e50e443Bf50d4c33ba,0.00000000001,native,,
0x5eAeF8bc670Cd8aE514Bd2e50e443Bf50d4c33ba,0.00000000001,native,,
0x5eAeF8bc670Cd8aE514Bd2e50e443Bf50d4c33ba,0.00000000001,native,,
0x5eAeF8bc670Cd8aE514Bd2e50e443Bf50d4c33ba,0.00000000001,native,,
0x5eAeF8bc670Cd8aE514Bd2e50e443Bf50d4c33ba,0.00000000001,native,,
0x5eAeF8bc670Cd8aE514Bd2e50e443Bf50d4c33ba,0.00000000001,native,,
0x5eAeF8bc670Cd8aE514Bd2e50e443Bf50d4c33ba,0.00000000001,native,,
0x5eAeF8bc670Cd8aE514Bd2e50e443Bf50d4c33ba,0.00000000001,native,,
0x5eAeF8bc670Cd8aE514Bd2e50e443Bf50d4c33ba,0.00000000001,native,,
0x5eAeF8bc670Cd8aE514Bd2e50e443Bf50d4c33ba,0.00000000001,native,,
0x5eAeF8bc670Cd8aE514Bd2e50e443Bf50d4c33ba,0.00000000001,native,,
0x5eAeF8bc670Cd8aE514Bd2e50e443Bf50d4c33ba,0.00000000001,native,,
0x5eAeF8bc670Cd8aE514Bd2e50e443Bf50d4c33ba,0.00000000001,native,,
0x5eAeF8bc670Cd8aE514Bd2e50e443Bf50d4c33ba,0.00000000001,native,,
0x5eAeF8bc670Cd8aE514Bd2e50e443Bf50d4c33ba,0.00000000001,native,,
0x5eAeF8bc670Cd8aE514Bd2e50e443Bf50d4c33ba,0.00000000001,native,,
0x5eAeF8bc670Cd8aE514Bd2e50e443Bf50d4c33ba,0.00000000001,native,,
0x5eAeF8bc670Cd8aE514Bd2e50e443Bf50d4c33ba,0.00000000001,native,,
0x5eAeF8bc670Cd8aE514Bd2e50e443Bf50d4c33ba,0.00000000001,native,,
0x5eAeF8bc670Cd8aE514Bd2e50e443Bf50d4c33ba,0.00000000001,native,,
0x5eAeF8bc670Cd8aE514Bd2e50e443Bf50d4c33ba,0.00000000001,native,,
0x5eAeF8bc670Cd8aE514Bd2e50e443Bf50d4c33ba,0.00000000001,native,,
0x5eAeF8bc670Cd8aE514Bd2e50e443Bf50d4c33ba,0.00000000001,native,,
0x5eAeF8bc670Cd8aE514Bd2e50e443Bf50d4c33ba,0.00000000001,native,,
0x5eAeF8bc670Cd8aE514Bd2e50e443Bf50d4c33ba,0.00000000001,native,,
0x5eAeF8bc670Cd8aE514Bd2e50e443Bf50d4c33ba,0.00000000001,native,,
0x5eAeF8bc670Cd8aE514Bd2e50e443Bf50d4c33ba,0.00000000001,native,,
0x5eAeF8bc670Cd8aE514Bd2e50e443Bf50d4c33ba,0.00000000001,native,,
0x5eAeF8bc670Cd8aE514Bd2e50e443Bf50d4c33ba,0.00000000001,native,,
0x5eAeF8bc670Cd8aE514Bd2e50e443Bf50d4c33ba,0.00000000001,native,,
0x5eAeF8bc670Cd8aE514Bd2e50e443Bf50d4c33ba,0.00000000001,native,,
0x5eAeF8bc670Cd8aE514Bd2e50e443Bf50d4c33ba,0.00000000001,native,,
0x5eAeF8bc670Cd8aE514Bd2e50e443Bf50d4c33ba,0.00000000001,native,,
0x5eAeF8bc670Cd8aE514Bd2e50e443Bf50d4c33ba,0.00000000001,native,,
0x5eAeF8bc670Cd8aE514Bd2e50e443Bf50d4c33ba,0.00000000001,native,,
0x5eAeF8bc670Cd8aE514Bd2e50e443Bf50d4c33ba,0.00000000001,native,,
0x5eAeF8bc670Cd8aE514Bd2e50e443Bf50d4c33ba,0.00000000001,native,,
0x5eAeF8bc670Cd8aE514Bd2e50e443Bf50d4c33ba,0.00000000001,native,,
0x5eAeF8bc670Cd8aE514Bd2e50e443Bf50d4c33ba,0.00000000001,native,,
0x5eAeF8bc670Cd8aE514Bd2e50e443Bf50d4c33ba,0.00000000001,native,,
0x5eAeF8bc670Cd8aE514Bd2e50e443Bf50d4c33ba,0.00000000001,native,,
0x5eAeF8bc670Cd8aE514Bd2e50e443Bf50d4c33ba,0.00000000001,native,,
0x5eAeF8bc670Cd8aE514Bd2e50e443Bf50d4c33ba,0.00000000001,native,,
0x5eAeF8bc670Cd8aE514Bd2e50e443Bf50d4c33ba,0.00000000001,native,,
0x5eAeF8bc670Cd8aE514Bd2e50e443Bf50d4c33ba,0.00000000001,native,,
0x5eAeF8bc670Cd8aE514Bd2e50e443Bf50d4c33ba,0.00000000001,native,,
0x5eAeF8bc670Cd8aE514Bd2e50e443Bf50d4c33ba,0.00000000001,native,,
0x5eAeF8bc670Cd8aE514Bd2e50e443Bf50d4c33ba,0.00000000001,native,,
0x5eAeF8bc670Cd8aE514Bd2e50e443Bf50d4c33ba,0.00000000001,native,,
0x5eAeF8bc670Cd8aE514Bd2e50e443Bf50d4c33ba,0.00000000001,native,,
0x5eAeF8bc670Cd8aE514Bd2e50e443Bf50d4c33ba,0.00000000001,native,,
0x5eAeF8bc670Cd8aE514Bd2e50e443Bf50d4c33ba,0.00000000001,native,,
0x5eAeF8bc670Cd8aE514Bd2e50e443Bf50d4c33ba,0.00000000001,native,,
0x5eAeF8bc670Cd8aE514Bd2e50e443Bf50d4c33ba,0.00000000001,native,,
0x5eAeF8bc670Cd8aE514Bd2e50e443Bf50d4c33ba,0.00000000001,native,,
0x5eAeF8bc670Cd8aE514Bd2e50e443Bf50d4c33ba,0.00000000001,native,,
0x5eAeF8bc670Cd8aE514Bd2e50e443Bf50d4c33ba,0.00000000001,native,,
0x5eAeF8bc670Cd8aE514Bd2e50e443Bf50d4c33ba,0.00000000001,native,,
0x5eAeF8bc670Cd8aE514Bd2e50e443Bf50d4c33ba,0.00000000001,native,,
0x5eAeF8bc670Cd8aE514Bd2e50e443Bf50d4c33ba,0.00000000001,native,,
0x5eAeF8bc670Cd8aE514Bd2e50e443Bf50d4c33ba,0.00000000001,native,,
0x5eAeF8bc670Cd8aE514Bd2e50e443Bf50d4c33ba,0.00000000001,native,,
0x5eAeF8bc670Cd8aE514Bd2e50e443Bf50d4c33ba,0.00000000001,native,,
0x5eAeF8bc670Cd8aE514Bd2e50e443Bf50d4c33ba,0.00000000001,native,,
0x5eAeF8bc670Cd8aE514Bd2e50e443Bf50d4c33ba,0.00000000001,native,,
0x5eAeF8bc670Cd8aE514Bd2e50e443Bf50d4c33ba,0.00000000001,native,,
0x5eAeF8bc670Cd8aE514Bd2e50e443Bf50d4c33ba,0.00000000001,native,,
0x5eAeF8bc670Cd8aE514Bd2e50e443Bf50d4c33ba,0.00000000001,native,,
0x5eAeF8bc670Cd8aE514Bd2e50e443Bf50d4c33ba,0.00000000001,native,,
0x5eAeF8bc670Cd8aE514Bd2e50e443Bf50d4c33ba,0.00000000001,native,,
0x5eAeF8bc670Cd8aE514Bd2e50e443Bf50d4c33ba,0.00000000001,native,,
0x5eAeF8bc670Cd8aE514Bd2e50e443Bf50d4c33ba,0.00000000001,native,,
0x5eAeF8bc670Cd8aE514Bd2e50e443Bf50d4c33ba,0.00000000001,native,,
0x5eAeF8bc670Cd8aE514Bd2e50e443Bf50d4c33ba,0.00000000001,native,,
0x5eAeF8bc670Cd8aE514Bd2e50e443Bf50d4c33ba,0.00000000001,native,,
0x5eAeF8bc670Cd8aE514Bd2e50e443Bf50d4c33ba,0.00000000001,native,,
0x5eAeF8bc670Cd8aE514Bd2e50e443Bf50d4c33ba,0.00000000001,native,,
0x5eAeF8bc670Cd8aE514Bd2e50e443Bf50d4c33ba,0.00000000001,native,,
0x5eAeF8bc670Cd8aE514Bd2e50e443Bf50d4c33ba,0.00000000001,native,,
0x5eAeF8bc670Cd8aE514Bd2e50e443Bf50d4c33ba,0.00000000001,native,,
0x5eAeF8bc670Cd8aE514Bd2e50e443Bf50d4c33ba,0.00000000001,native,,
0x5eAeF8bc670Cd8aE514Bd2e50e443Bf50d4c33ba,0.00000000001,native,,
0x5eAeF8bc670Cd8aE514Bd2e50e443Bf50d4c33ba,0.00000000001,native,,
0x5eAeF8bc670Cd8aE514Bd2e50e443Bf50d4c33ba,0.00000000001,native,,
0x5eAeF8bc670Cd8aE514Bd2e50e443Bf50d4c33ba,0.00000000001,native,,
0x5eAeF8bc670Cd8aE514Bd2e50e443Bf50d4c33ba,0.00000000001,native,,
0x5eAeF8bc670Cd8aE514Bd2e50e443Bf50d4c33ba,0.00000000001,native,,
0x5eAeF8bc670Cd8aE514Bd2e50e443Bf50d4c33ba,0.00000000001,native,,
0x5eAeF8bc670Cd8aE514Bd2e50e443Bf50d4c33ba,0.00000000001,native,,
0x5eAeF8bc670Cd8aE514Bd2e50e443Bf50d4c33ba,0.00000000001,native,,
0x5eAeF8bc670Cd8aE514Bd2e50e443Bf50d4c33ba,0.00000000001,native,,
0x5eAeF8bc670Cd8aE514Bd2e50e443Bf50d4c33ba,0.00000000001,native,,
0x5eAeF8bc670Cd8aE514Bd2e50e443Bf50d4c33ba,0.00000000001,native,,
0x5eAeF8bc670Cd8aE514Bd2e50e443Bf50d4c33ba,0.00000000001,native,,
0x5eAeF8bc670Cd8aE514Bd2e50e443Bf50d4c33ba,0.00000000001,native,,
0x5eAeF8bc670Cd8aE514Bd2e50e443Bf50d4c33ba,0.00000000001,native,,
0x5eAeF8bc670Cd8aE514Bd2e50e443Bf50d4c33ba,0.00000000001,native,,
0x5eAeF8bc670Cd8aE514Bd2e50e443Bf50d4c33ba,0.00000000001,native,,
0x5eAeF8bc670Cd8aE514Bd2e50e443Bf50d4c33ba,0.00000000001,native,,
0x5eAeF8bc670Cd8aE514Bd2e50e443Bf50d4c33ba,0.00000000001,native,,
0x5eAeF8bc670Cd8aE514Bd2e50e443Bf50d4c33ba,0.00000000001,native,,
0x5eAeF8bc670Cd8aE514Bd2e50e443Bf50d4c33ba,0.00000000001,native,,
0x5eAeF8bc670Cd8aE514Bd2e50e443Bf50d4c33ba,0.00000000001,native,,
0x5eAeF8bc670Cd8aE514Bd2e50e443Bf50d4c33ba,0.00000000001,native,,
0x5eAeF8bc670Cd8aE514Bd2e50e443Bf50d4c33ba,0.00000000001,native,,
0x5eAeF8bc670Cd8aE514Bd2e50e443Bf50d4c33ba,0.00000000001,native,,
0x5eAeF8bc670Cd8aE514Bd2e50e443Bf50d4c33ba,0.00000000001,native,,
0x5eAeF8bc670Cd8aE514Bd2e50e443Bf50d4c33ba,0.00000000001,native,,
0x5eAeF8bc670Cd8aE514Bd2e50e443Bf50d4c33ba,0.00000000001,native,,
0x5eAeF8bc670Cd8aE514Bd2e50e443Bf50d4c33ba,0.00000000001,native,,
0x5eAeF8bc670Cd8aE514Bd2e50e443Bf50d4c33ba,0.00000000001,native,,
0x5eAeF8bc670Cd8aE514Bd2e50e443Bf50d4c33ba,0.00000000001,native,,
0x5eAeF8bc670Cd8aE514Bd2e50e443Bf50d4c33ba,0.00000000001,native,,
0x5eAeF8bc670Cd8aE514Bd2e50e443Bf50d4c33ba,0.00000000001,native,,
0x5eAeF8bc670Cd8aE514Bd2e50e443Bf50d4c33ba,0.00000000001,native,,
0x5eAeF8bc670Cd8aE514Bd2e50e443Bf50d4c33ba,0.00000000001,native,,
0x5eAeF8bc670Cd8aE514Bd2e50e443Bf50d4c33ba,0.00000000001,native,,
0x5eAeF8bc670Cd8aE514Bd2e50e443Bf50d4c33ba,0.00000000001,native,,
0x5eAeF8bc670Cd8aE514Bd2e50e443Bf50d4c33ba,0.00000000001,native,,
0x5eAeF8bc670Cd8aE514Bd2e50e443Bf50d4c33ba,0.00000000001,native,,
0x5eAeF8bc670Cd8aE514Bd2e50e443Bf50d4c33ba,0.00000000001,native,,
0x5eAeF8bc670Cd8aE514Bd2e50e443Bf50d4c33ba,0.00000000001,native,,
0x5eAeF8bc670Cd8aE514Bd2e50e443Bf50d4c33ba,0.00000000001,native,,
0x5eAeF8bc670Cd8aE514Bd2e50e443Bf50d4c33ba,0.00000000001,native,,
0x5eAeF8bc670Cd8aE514Bd2e50e443Bf50d4c33ba,0.00000000001,native,,
0x5eAeF8bc670Cd8aE514Bd2e50e443Bf50d4c33ba,0.00000000001,native,,
0x5eAeF8bc670Cd8aE514Bd2e50e443Bf50d4c33ba,0.00000000001,native,,
0x5eAeF8bc670Cd8aE514Bd2e50e443Bf50d4c33ba,0.00000000001,native,,
0x5eAeF8bc670Cd8aE514Bd2e50e443Bf50d4c33ba,0.00000000001,native,,
0x5eAeF8bc670Cd8aE514Bd2e50e443Bf50d4c33ba,0.00000000001,native,,
0x5eAeF8bc670Cd8aE514Bd2e50e443Bf50d4c33ba,0.00000000001,native,,
0x5eAeF8bc670Cd8aE514Bd2e50e443Bf50d4c33ba,0.00000000001,native,,
0x5eAeF8bc670Cd8aE514Bd2e50e443Bf50d4c33ba,0.00000000001,native,,
0x5eAeF8bc670Cd8aE514Bd2e50e443Bf50d4c33ba,0.00000000001,native,,
0x5eAeF8bc670Cd8aE514Bd2e50e443Bf50d4c33ba,0.00000000001,native,,
0x5eAeF8bc670Cd8aE514Bd2e50e443Bf50d4c33ba,0.00000000001,native,,
0x5eAeF8bc670Cd8aE514Bd2e50e443Bf50d4c33ba,0.00000000001,native,,
0x5eAeF8bc670Cd8aE514Bd2e50e443Bf50d4c33ba,0.00000000001,native,,
0x5eAeF8bc670Cd8aE514Bd2e50e443Bf50d4c33ba,0.00000000001,native,,
0x5eAeF8bc670Cd8aE514Bd2e50e443Bf50d4c33ba,0.00000000001,native,,
0x5eAeF8bc670Cd8aE514Bd2e50e443Bf50d4c33ba,0.00000000001,native,,
0x5eAeF8bc670Cd8aE514Bd2e50e443Bf50d4c33ba,0.00000000001,native,,
0x5eAeF8bc670Cd8aE514Bd2e50e443Bf50d4c33ba,0.00000000001,native,,
0x5eAeF8bc670Cd8aE514Bd2e50e443Bf50d4c33ba,0.00000000001,native,,
0x5eAeF8bc670Cd8aE514Bd2e50e443Bf50d4c33ba,0.00000000001,native,,
0x5eAeF8bc670Cd8aE514Bd2e50e443Bf50d4c33ba,0.00000000001,native,,
0x5eAeF8bc670Cd8aE514Bd2e50e443Bf50d4c33ba,0.00000000001,native,,
0x5eAeF8bc670Cd8aE514Bd2e50e443Bf50d4c33ba,0.00000000001,native,,
0x5eAeF8bc670Cd8aE514Bd2e50e443Bf50d4c33ba,0.00000000001,native,,
0x5eAeF8bc670Cd8aE514Bd2e50e443Bf50d4c33ba,0.00000000001,native,,
0x5eAeF8bc670Cd8aE514Bd2e50e443Bf50d4c33ba,0.00000000001,native,,
0x5eAeF8bc670Cd8aE514Bd2e50e443Bf50d4c33ba,0.00000000001,native,,
0x5eAeF8bc670Cd8aE514Bd2e50e443Bf50d4c33ba,0.00000000001,native,,
0x5eAeF8bc670Cd8aE514Bd2e50e443Bf50d4c33ba,0.00000000001,native,,
0x5eAeF8bc670Cd8aE514Bd2e50e443Bf50d4c33ba,0.00000000001,native,,
0x5eAeF8bc670Cd8aE514Bd2e50e443Bf50d4c33ba,0.00000000001,native,,
0x5eAeF8bc670Cd8aE514Bd2e50e443Bf50d4c33ba,0.00000000001,native,,
0x5eAeF8bc670Cd8aE514Bd2e50e443Bf50d4c33ba,0.00000000001,native,,
0x5eAeF8bc670Cd8aE514Bd2e50e443Bf50d4c33ba,0.00000000001,native,,
0x5eAeF8bc670Cd8aE514Bd2e50e443Bf50d4c33ba,0.00000000001,native,,
0x5eAeF8bc670Cd8aE514Bd2e50e443Bf50d4c33ba,0.00000000001,native,,
0x5eAeF8bc670Cd8aE514Bd2e50e443Bf50d4c33ba,0.00000000001,native,,
0x5eAeF8bc670Cd8aE514Bd2e50e443Bf50d4c33ba,0.00000000001,native,,
0x5eAeF8bc670Cd8aE514Bd2e50e443Bf50d4c33ba,0.00000000001,native,,
0x5eAeF8bc670Cd8aE514Bd2e50e443Bf50d4c33ba,0.00000000001,native,,
0x5eAeF8bc670Cd8aE514Bd2e50e443Bf50d4c33ba,0.00000000001,native,,
0x5eAeF8bc670Cd8aE514Bd2e50e443Bf50d4c33ba,0.00000000001,native,,
0x5eAeF8bc670Cd8aE514Bd2e50e443Bf50d4c33ba,0.00000000001,native,,
0x5eAeF8bc670Cd8aE514Bd2e50e443Bf50d4c33ba,0.00000000001,native,,
0x5eAeF8bc670Cd8aE514Bd2e50e443Bf50d4c33ba,0.00000000001,native,,
0x5eAeF8bc670Cd8aE514Bd2e50e443Bf50d4c33ba,0.00000000001,native,,
0x5eAeF8bc670Cd8aE514Bd2e50e443Bf50d4c33ba,0.00000000001,native,,
0x5eAeF8bc670Cd8aE514Bd2e50e443Bf50d4c33ba,0.00000000001,native,,
0x5eAeF8bc670Cd8aE514Bd2e50e443Bf50d4c33ba,0.00000000001,native,,
0x5eAeF8bc670Cd8aE514Bd2e50e443Bf50d4c33ba,0.00000000001,native,,
0x5eAeF8bc670Cd8aE514Bd2e50e443Bf50d4c33ba,0.00000000001,native,,
0x5eAeF8bc670Cd8aE514Bd2e50e443Bf50d4c33ba,0.00000000001,native,,
0x5eAeF8bc670Cd8aE514Bd2e50e443Bf50d4c33ba,0.00000000001,native,,
0x5eAeF8bc670Cd8aE514Bd2e50e443Bf50d4c33ba,0.00000000001,native,,
0x5eAeF8bc670Cd8aE514Bd2e50e443Bf50d4c33ba,0.00000000001,native,,
0x5eAeF8bc670Cd8aE514Bd2e50e443Bf50d4c33ba,0.00000000001,native,,
0x5eAeF8bc670Cd8aE514Bd2e50e443Bf50d4c33ba,0.00000000001,native,,
0x5eAeF8bc670Cd8aE514Bd2e50e443Bf50d4c33ba,0.00000000001,native,,
0x5eAeF8bc670Cd8aE514Bd2e50e443Bf50d4c33ba,0.00000000001,native,,
0x5eAeF8bc670Cd8aE514Bd2e50e443Bf50d4c33ba,0.00000000001,native,,
0x5eAeF8bc670Cd8aE514Bd2e50e443Bf50d4c33ba,0.00000000001,native,,
0x5eAeF8bc670Cd8aE514Bd2e50e443Bf50d4c33ba,0.00000000001,native,,
0x5eAeF8bc670Cd8aE514Bd2e50e443Bf50d4c33ba,0.00000000001,native,,
0x5eAeF8bc670Cd8aE514Bd2e50e443Bf50d4c33ba,0.00000000001,native,,
0x5eAeF8bc670Cd8aE514Bd2e50e443Bf50d4c33ba,0.00000000001,native,,
0x5eAeF8bc670Cd8aE514Bd2e50e443Bf50d4c33ba,0.00000000001,native,,
0x5eAeF8bc670Cd8aE514Bd2e50e443Bf50d4c33ba,0.00000000001,native,,
0x5eAeF8bc670Cd8aE514Bd2e50e443Bf50d4c33ba,0.00000000001,native,,
0x5eAeF8bc670Cd8aE514Bd2e50e443Bf50d4c33ba,0.00000000001,native,,
0x5eAeF8bc670Cd8aE514Bd2e50e443Bf50d4c33ba,0.00000000001,native,,
0x5eAeF8bc670Cd8aE514Bd2e50e443Bf50d4c33ba,0.00000000001,native,,
0x5eAeF8bc670Cd8aE514Bd2e50e443Bf50d4c33ba,0.00000000001,native,,
0x5eAeF8bc670Cd8aE514Bd2e50e443Bf50d4c33ba,0.00000000001,native,,
0x5eAeF8bc670Cd8aE514Bd2e50e443Bf50d4c33ba,0.00000000001,native,,
0x5eAeF8bc670Cd8aE514Bd2e50e443Bf50d4c33ba,0.00000000001,native,,
0x5eAeF8bc670Cd8aE514Bd2e50e443Bf50d4c33ba,0.00000000001,native,,
0x5eAeF8bc670Cd8aE514Bd2e50e443Bf50d4c33ba,0.00000000001,native,,
0x5eAeF8bc670Cd8aE514Bd2e50e443Bf50d4c33ba,0.00000000001,native,,
0x5eAeF8bc670Cd8aE514Bd2e50e443Bf50d4c33ba,0.00000000001,native,,
0x5eAeF8bc670Cd8aE514Bd2e50e443Bf50d4c33ba,0.00000000001,native,,
0x5eAeF8bc670Cd8aE514Bd2e50e443Bf50d4c33ba,0.00000000001,native,,
0x5eAeF8bc670Cd8aE514Bd2e50e443Bf50d4c33ba,0.00000000001,native,,
0x5eAeF8bc670Cd8aE514Bd2e50e443Bf50d4c33ba,0.00000000001,native,,
0x5eAeF8bc670Cd8aE514Bd2e50e443Bf50d4c33ba,0.00000000001,native,,
0x5eAeF8bc670Cd8aE514Bd2e50e443Bf50d4c33ba,0.00000000001,native,,
0x5eAeF8bc670Cd8aE514Bd2e50e443Bf50d4c33ba,0.00000000001,native,,
0x5eAeF8bc670Cd8aE514Bd2e50e443Bf50d4c33ba,0.00000000001,native,,
0x5eAeF8bc670Cd8aE514Bd2e50e443Bf50d4c33ba,0.00000000001,native,,
0x5eAeF8bc670Cd8aE514Bd2e50e443Bf50d4c33ba,0.00000000001,native,,
0x5eAeF8bc670Cd8aE514Bd2e50e443Bf50d4c33ba,0.00000000001,native,,
0x5eAeF8bc670Cd8aE514Bd2e50e443Bf50d4c33ba,0.00000000001,native,,
0x5eAeF8bc670Cd8aE514Bd2e50e443Bf50d4c33ba,0.00000000001,native,,
0x5eAeF8bc670Cd8aE514Bd2e50e443Bf50d4c33ba,0.00000000001,native,,
0x5eAeF8bc670Cd8aE514Bd2e50e443Bf50d4c33ba,0.00000000001,native,,
0x5eAeF8bc670Cd8aE514Bd2e50e443Bf50d4c33ba,0.00000000001,native,,
0x5eAeF8bc670Cd8aE514Bd2e50e443Bf50d4c33ba,0.00000000001,native,,
0x5eAeF8bc670Cd8aE514Bd2e50e443Bf50d4c33ba,0.00000000001,native,,
0x5eAeF8bc670Cd8aE514Bd2e50e443Bf50d4c33ba,0.00000000001,native,,
0x5eAeF8bc670Cd8aE514Bd2e50e443Bf50d4c33ba,0.00000000001,native,,
0x5eAeF8bc670Cd8aE514Bd2e50e443Bf50d4c33ba,0.00000000001,native,,
0x5eAeF8bc670Cd8aE514Bd2e50e443Bf50d4c33ba,0.00000000001,native,,
0x5eAeF8bc670Cd8aE514Bd2e50e443Bf50d4c33ba,0.00000000001,native,,
0x5eAeF8bc670Cd8aE514Bd2e50e443Bf50d4c33ba,0.00000000001,native,,
0x5eAeF8bc670Cd8aE514Bd2e50e443Bf50d4c33ba,0.00000000001,native,,
0x5eAeF8bc670Cd8aE514Bd2e50e443Bf50d4c33ba,0.00000000001,native,,
0x5eAeF8bc670Cd8aE514Bd2e50e443Bf50d4c33ba,0.00000000001,native,,
0x5eAeF8bc670Cd8aE514Bd2e50e443Bf50d4c33ba,0.00000000001,native,,
0x5eAeF8bc670Cd8aE514Bd2e50e443Bf50d4c33ba,0.00000000001,native,,
0x5eAeF8bc670Cd8aE514Bd2e50e443Bf50d4c33ba,0.00000000001,native,,
0x5eAeF8bc670Cd8aE514Bd2e50e443Bf50d4c33ba,0.00000000001,native,,
0x5eAeF8bc670Cd8aE514Bd2e50e443Bf50d4c33ba,0.00000000001,native,,
0x5eAeF8bc670Cd8aE514Bd2e50e443Bf50d4c33ba,0.00000000001,native,,
0x5eAeF8bc670Cd8aE514Bd2e50e443Bf50d4c33ba,0.00000000001,native,,
0x5eAeF8bc670Cd8aE514Bd2e50e443Bf50d4c33ba,0.00000000001,native,,
0x5eAeF8bc670Cd8aE514Bd2e50e443Bf50d4c33ba,0.00000000001,native,,
0x5eAeF8bc670Cd8aE514Bd2e50e443Bf50d4c33ba,0.00000000001,native,,
0x5eAeF8bc670Cd8aE514Bd2e50e443Bf50d4c33ba,0.00000000001,native,,
0x5eAeF8bc670Cd8aE514Bd2e50e443Bf50d4c33ba,0.00000000001,native,,
0x5eAeF8bc670Cd8aE514Bd2e50e443Bf50d4c33ba,0.00000000001,native,,
0x5eAeF8bc670Cd8aE514Bd2e50e443Bf50d4c33ba,0.00000000001,native,,
0x5eAeF8bc670Cd8aE514Bd2e50e443Bf50d4c33ba,0.00000000001,native,,
0x5eAeF8bc670Cd8aE514Bd2e50e443Bf50d4c33ba,0.00000000001,native,,
0x5eAeF8bc670Cd8aE514Bd2e50e443Bf50d4c33ba,0.00000000001,native,,
0x5eAeF8bc670Cd8aE514Bd2e50e443Bf50d4c33ba,0.00000000001,native,,
0x5eAeF8bc670Cd8aE514Bd2e50e443Bf50d4c33ba,0.00000000001,native,,
0x5eAeF8bc670Cd8aE514Bd2e50e443Bf50d4c33ba,0.00000000001,native,,
0x5eAeF8bc670Cd8aE514Bd2e50e443Bf50d4c33ba,0.00000000001,native,,
0x5eAeF8bc670Cd8aE514Bd2e50e443Bf50d4c33ba,0.00000000001,native,,
0x5eAeF8bc670Cd8aE514Bd2e50e443Bf50d4c33ba,0.00000000001,native,,
0x5eAeF8bc670Cd8aE514Bd2e50e443Bf50d4c33ba,0.00000000001,native,,
0x5eAeF8bc670Cd8aE514Bd2e50e443Bf50d4c33ba,0.00000000001,native,,
0x5eAeF8bc670Cd8aE514Bd2e50e443Bf50d4c33ba,0.00000000001,native,,
0x5eAeF8bc670Cd8aE514Bd2e50e443Bf50d4c33ba,0.00000000001,native,,
0x5eAeF8bc670Cd8aE514Bd2e50e443Bf50d4c33ba,0.00000000001,native,,
0x5eAeF8bc670Cd8aE514Bd2e50e443Bf50d4c33ba,0.00000000001,native,,
0x5eAeF8bc670Cd8aE514Bd2e50e443Bf50d4c33ba,0.00000000001,native,,
0x5eAeF8bc670Cd8aE514Bd2e50e443Bf50d4c33ba,0.00000000001,native,,
0x5eAeF8bc670Cd8aE514Bd2e50e443Bf50d4c33ba,0.00000000001,native,,
0x5eAeF8bc670Cd8aE514Bd2e50e443Bf50d4c33ba,0.00000000001,native,,
0x5eAeF8bc670Cd8aE514Bd2e50e443Bf50d4c33ba,0.00000000001,native,,
0x5eAeF8bc670Cd8aE514Bd2e50e443Bf50d4c33ba,0.00000000001,native,,
0x5eAeF8bc670Cd8aE514Bd2e50e443Bf50d4c33ba,0.00000000001,native,,
0x5eAeF8bc670Cd8aE514Bd2e50e443Bf50d4c33ba,0.00000000001,native,,
0x5eAeF8bc670Cd8aE514Bd2e50e443Bf50d4c33ba,0.00000000001,native,,
0x5eAeF8bc670Cd8aE514Bd2e50e443Bf50d4c33ba,0.00000000001,native,,
0x5eAeF8bc670Cd8aE514Bd2e50e443Bf50d4c33ba,0.00000000001,native,,
0x5eAeF8bc670Cd8aE514Bd2e50e443Bf50d4c33ba,0.00000000001,native,,
0x5eAeF8bc670Cd8aE514Bd2e50e443Bf50d4c33ba,0.00000000001,native,,
0x5eAeF8bc670Cd8aE514Bd2e50e443Bf50d4c33ba,0.00000000001,native,,
0x5eAeF8bc670Cd8aE514Bd2e50e443Bf50d4c33ba,0.00000000001,native,,
0x5eAeF8bc670Cd8aE514Bd2e50e443Bf50d4c33ba,0.00000000001,native,,
0x5eAeF8bc670Cd8aE514Bd2e50e443Bf50d4c33ba,0.00000000001,native,,
0x5eAeF8bc670Cd8aE514Bd2e50e443Bf50d4c33ba,0.00000000001,native,,
0x5eAeF8bc670Cd8aE514Bd2e50e443Bf50d4c33ba,0.00000000001,native,,
0x5eAeF8bc670Cd8aE514Bd2e50e443Bf50d4c33ba,0.00000000001,native,,
0x5eAeF8bc670Cd8aE514Bd2e50e443Bf50d4c33ba,0.00000000001,native,,
0x5eAeF8bc670Cd8aE514Bd2e50e443Bf50d4c33ba,0.00000000001,native,,
0x5eAeF8bc670Cd8aE514Bd2e50e443Bf50d4c33ba,0.00000000001,native,,
0x5eAeF8bc670Cd8aE514Bd2e50e443Bf50d4c33ba,0.00000000001,native,,
0x5eAeF8bc670Cd8aE514Bd2e50e443Bf50d4c33ba,0.00000000001,native,,
0x5eAeF8bc670Cd8aE514Bd2e50e443Bf50d4c33ba,0.00000000001,native,,
0x5eAeF8bc670Cd8aE514Bd2e50e443Bf50d4c33ba,0.00000000001,native,,
0x5eAeF8bc670Cd8aE514Bd2e50e443Bf50d4c33ba,0.00000000001,native,,
0x5eAeF8bc670Cd8aE514Bd2e50e443Bf50d4c33ba,0.00000000001,native,,
0x5eAeF8bc670Cd8aE514Bd2e50e443Bf50d4c33ba,0.00000000001,native,,
0x5eAeF8bc670Cd8aE514Bd2e50e443Bf50d4c33ba,0.00000000001,native,,
0x5eAeF8bc670Cd8aE514Bd2e50e443Bf50d4c33ba,0.00000000001,native,,
0x5eAeF8bc670Cd8aE514Bd2e50e443Bf50d4c33ba,0.00000000001,native,,
0x5eAeF8bc670Cd8aE514Bd2e50e443Bf50d4c33ba,0.00000000001,native,,
0x5eAeF8bc670Cd8aE514Bd2e50e443Bf50d4c33ba,0.00000000001,native,,
0x5eAeF8bc670Cd8aE514Bd2e50e443Bf50d4c33ba,0.00000000001,native,,
0x5eAeF8bc670Cd8aE514Bd2e50e443Bf50d4c33ba,0.00000000001,native,,
0x5eAeF8bc670Cd8aE514Bd2e50e443Bf50d4c33ba,0.00000000001,native,,
0x5eAeF8bc670Cd8aE514Bd2e50e443Bf50d4c33ba,0.00000000001,native,,
0x5eAeF8bc670Cd8aE514Bd2e50e443Bf50d4c33ba,0.00000000001,native,,
0x5eAeF8bc670Cd8aE514Bd2e50e443Bf50d4c33ba,0.00000000001,native,,
0x5eAeF8bc670Cd8aE514Bd2e50e443Bf50d4c33ba,0.00000000001,native,,
0x5eAeF8bc670Cd8aE514Bd2e50e443Bf50d4c33ba,0.00000000001,native,,
0x5eAeF8bc670Cd8aE514Bd2e50e443Bf50d4c33ba,0.00000000001,native,,
0x5eAeF8bc670Cd8aE514Bd2e50e443Bf50d4c33ba,0.00000000001,native,,
0x5eAeF8bc670Cd8aE514Bd2e50e443Bf50d4c33ba,0.00000000001,native,,
0x5eAeF8bc670Cd8aE514Bd2e50e443Bf50d4c33ba,0.00000000001,native,,
0x5eAeF8bc670Cd8aE514Bd2e50e443Bf50d4c33ba,0.00000000001,native,,
0x5eAeF8bc670Cd8aE514Bd2e50e443Bf50d4c33ba,0.00000000001,native,,
0x5eAeF8bc670Cd8aE514Bd2e50e443Bf50d4c33ba,0.00000000001,native,,
0x5eAeF8bc670Cd8aE514Bd2e50e443Bf50d4c33ba,0.00000000001,native,,
0x5eAeF8bc670Cd8aE514Bd2e50e443Bf50d4c33ba,0.00000000001,native,,
0x5eAeF8bc670Cd8aE514Bd2e50e443Bf50d4c33ba,0.00000000001,native,,
0x5eAeF8bc670Cd8aE514Bd2e50e443Bf50d4c33ba,0.00000000001,native,,
0x5eAeF8bc670Cd8aE514Bd2e50e443Bf50d4c33ba,0.00000000001,native,,
0x5eAeF8bc670Cd8aE514Bd2e50e443Bf50d4c33ba,0.00000000001,native,,
0x5eAeF8bc670Cd8aE514Bd2e50e443Bf50d4c33ba,0.00000000001,native,,
0x5eAeF8bc670Cd8aE514Bd2e50e443Bf50d4c33ba,0.00000000001,native,,
0x5eAeF8bc670Cd8aE514Bd2e50e443Bf50d4c33ba,0.00000000001,native,,
0x5eAeF8bc670Cd8aE514Bd2e50e443Bf50d4c33ba,0.00000000001,native,,
0x5eAeF8bc670Cd8aE514Bd2e50e443Bf50d4c33ba,0.00000000001,native,,
0x5eAeF8bc670Cd8aE514Bd2e50e443Bf50d4c33ba,0.00000000001,native,,
0x5eAeF8bc670Cd8aE514Bd2e50e443Bf50d4c33ba,0.00000000001,native,,
0x5eAeF8bc670Cd8aE514Bd2e50e443Bf50d4c33ba,0.00000000001,native,,
0x5eAeF8bc670Cd8aE514Bd2e50e443Bf50d4c33ba,0.00000000001,native,,
0x5eAeF8bc670Cd8aE514Bd2e50e443Bf50d4c33ba,0.00000000001,native,,
0x5eAeF8bc670Cd8aE514Bd2e50e443Bf50d4c33ba,0.00000000001,native,,
0x5eAeF8bc670Cd8aE514Bd2e50e443Bf50d4c33ba,0.00000000001,native,,
0x5eAeF8bc670Cd8aE514Bd2e50e443Bf50d4c33ba,0.00000000001,native,,
0x5eAeF8bc670Cd8aE514Bd2e50e443Bf50d4c33ba,0.00000000001,native,,
0x5eAeF8bc670Cd8aE514Bd2e50e443Bf50d4c33ba,0.00000000001,native,,
0x5eAeF8bc670Cd8aE514Bd2e50e443Bf50d4c33ba,0.00000000001,native,,
0x5eAeF8bc670Cd8aE514Bd2e50e443Bf50d4c33ba,0.00000000001,native,,
0x5eAeF8bc670Cd8aE514Bd2e50e443Bf50d4c33ba,0.00000000001,native,,
0x5eAeF8bc670Cd8aE514Bd2e50e443Bf50d4c33ba,0.00000000001,native,,
0x5eAeF8bc670Cd8aE514Bd2e50e443Bf50d4c33ba,0.00000000001,native,,
0x5eAeF8bc670Cd8aE514Bd2e50e443Bf50d4c33ba,0.00000000001,native,,
0x5eAeF8bc670Cd8aE514Bd2e50e443Bf50d4c33ba,0.00000000001,native,,
0x5eAeF8bc670Cd8aE514Bd2e50e443Bf50d4c33ba,0.00000000001,native,,
0x5eAeF8bc670Cd8aE514Bd2e50e443Bf50d4c33ba,0.00000000001,native,,
0x5eAeF8bc670Cd8aE514Bd2e50e443Bf50d4c33ba,0.00000000001,native,,
0x5eAeF8bc670Cd8aE514Bd2e50e443Bf50d4c33ba,0.00000000001,native,,
0x5eAeF8bc670Cd8aE514Bd2e50e443Bf50d4c33ba,0.00000000001,native,,
0x5eAeF8bc670Cd8aE514Bd2e50e443Bf50d4c33ba,0.00000000001,native,,
0x5eAeF8bc670Cd8aE514Bd2e50e443Bf50d4c33ba,0.00000000001,native,,
0x5eAeF8bc670Cd8aE514Bd2e50e443Bf50d4c33ba,0.00000000001,native,,
0x5eAeF8bc670Cd8aE514Bd2e50e443Bf50d4c33ba,0.00000000001,native,,
0x5eAeF8bc670Cd8aE514Bd2e50e443Bf50d4c33ba,0.00000000001,native,,
0x5eAeF8bc670Cd8aE514Bd2e50e443Bf50d4c33ba,0.00000000001,native,,
0x5eAeF8bc670Cd8aE514Bd2e50e443Bf50d4c33ba,0.00000000001,native,,
0x5eAeF8bc670Cd8aE514Bd2e50e443Bf50d4c33ba,0.00000000001,native,,
0x5eAeF8bc670Cd8aE514Bd2e50e443Bf50d4c33ba,0.00000000001,native,,
0x5eAeF8bc670Cd8aE514Bd2e50e443Bf50d4c33ba,0.00000000001,native,,
0x5eAeF8bc670Cd8aE514Bd2e50e443Bf50d4c33ba,0.00000000001,native,,
0x5eAeF8bc670Cd8aE514Bd2e50e443Bf50d4c33ba,0.00000000001,native,,
0x5eAeF8bc670Cd8aE514Bd2e50e443Bf50d4c33ba,0.00000000001,native,,
0x5eAeF8bc670Cd8aE514Bd2e50e443Bf50d4c33ba,0.00000000001,native,,
0x5eAeF8bc670Cd8aE514Bd2e50e443Bf50d4c33ba,0.00000000001,native,,
0x5eAeF8bc670Cd8aE514Bd2e50e443Bf50d4c33ba,0.00000000001,native,,
0x5eAeF8bc670Cd8aE514Bd2e50e443Bf50d4c33ba,0.00000000001,native,,
0x5eAeF8bc670Cd8aE514Bd2e50e443Bf50d4c33ba,0.00000000001,native,,
0x5eAeF8bc670Cd8aE514Bd2e50e443Bf50d4c33ba,0.00000000001,native,,
0x5eAeF8bc670Cd8aE514Bd2e50e443Bf50d4c33ba,0.00000000001,native,,
0x5eAeF8bc670Cd8aE514Bd2e50e443Bf50d4c33ba,0.00000000001,native,,
0x5eAeF8bc670Cd8aE514Bd2e50e443Bf50d4c33ba,0.00000000001,native,,
0x5eAeF8bc670Cd8aE514Bd2e50e443Bf50d4c33ba,0.00000000001,native,,
0x5eAeF8bc670Cd8aE514Bd2e50e443Bf50d4c33ba,0.00000000001,native,,
0x5eAeF8bc670Cd8aE514Bd2e50e443Bf50d4c33ba,0.00000000001,native,,
0x5eAeF8bc670Cd8aE514Bd2e50e443Bf50d4c33ba,0.00000000001,native,,
0x5eAeF8bc670Cd8aE514Bd2e50e443Bf50d4c33ba,0.00000000001,native,,
0x5eAeF8bc670Cd8aE514Bd2e50e443Bf50d4c33ba,0.00000000001,native,,
0x5eAeF8bc670Cd8aE514Bd2e50e443Bf50d4c33ba,0.00000000001,native,,
0x5eAeF8bc670Cd8aE514Bd2e50e443Bf50d4c33ba,0.00000000001,native,,
0x5eAeF8bc670Cd8aE514Bd2e50e443Bf50d4c33ba,0.00000000001,native,,
0x5eAeF8bc670Cd8aE514Bd2e50e443Bf50d4c33ba,0.00000000001,native,,
0x5eAeF8bc670Cd8aE514Bd2e50e443Bf50d4c33ba,0.00000000001,native,,
0x5eAeF8bc670Cd8aE514Bd2e50e443Bf50d4c33ba,0.00000000001,native,,
0x5eAeF8bc670Cd8aE514Bd2e50e443Bf50d4c33ba,0.00000000001,native,,
0x5eAeF8bc670Cd8aE514Bd2e50e443Bf50d4c33ba,0.00000000001,native,,
0x5eAeF8bc670Cd8aE514Bd2e50e443Bf50d4c33ba,0.00000000001,native,,
0x5eAeF8bc670Cd8aE514Bd2e50e443Bf50d4c33ba,0.00000000001,native,,
0x5eAeF8bc670Cd8aE514Bd2e50e443Bf50d4c33ba,0.00000000001,native,,
0x5eAeF8bc670Cd8aE514Bd2e50e443Bf50d4c33ba,0.00000000001,native,,
0x5eAeF8bc670Cd8aE514Bd2e50e443Bf50d4c33ba,0.00000000001,native,,
0x5eAeF8bc670Cd8aE514Bd2e50e443Bf50d4c33ba,0.00000000001,native,,
0x5eAeF8bc670Cd8aE514Bd2e50e443Bf50d4c33ba,0.00000000001,native,,
0x5eAeF8bc670Cd8aE514Bd2e50e443Bf50d4c33ba,0.00000000001,native,,
0x5eAeF8bc670Cd8aE514Bd2e50e443Bf50d4c33ba,0.00000000001,native,,
0x5eAeF8bc670Cd8aE514Bd2e50e443Bf50d4c33ba,0.00000000001,native,,
0x5eAeF8bc670Cd8aE514Bd2e50e443Bf50d4c33ba,0.00000000001,native,,
0x5eAeF8bc670Cd8aE514Bd2e50e443Bf50d4c33ba,0.00000000001,native,,
0x5eAeF8bc670Cd8aE514Bd2e50e443Bf50d4c33ba,0.00000000001,native,,
0x5eAeF8bc670Cd8aE514Bd2e50e443Bf50d4c33ba,0.00000000001,native,,
0x5eAeF8bc670Cd8aE514Bd2e50e443Bf50d4c33ba,0.00000000001,native,,
0x5eAeF8bc670Cd8aE514Bd2e50e443Bf50d4c33ba,0.00000000001,native,,
0x5eAeF8bc670Cd8aE514Bd2e50e443Bf50d4c33ba,0.00000000001,native,,
0x5eAeF8bc670Cd8aE514Bd2e50e443Bf50d4c33ba,0.00000000001,native,,
0x5eAeF8bc670Cd8aE514Bd2e50e443Bf50d4c33ba,0.00000000001,native,,
0x5eAeF8bc670Cd8aE514Bd2e50e443Bf50d4c33ba,0.00000000001,native,,
0x5eAeF8bc670Cd8aE514Bd2e50e443Bf50d4c33ba,0.00000000001,native,,
0x5eAeF8bc670Cd8aE514Bd2e50e443Bf50d4c33ba,0.00000000001,native,,
0x5eAeF8bc670Cd8aE514Bd2e50e443Bf50d4c33ba,0.00000000001,native,,
0x5eAeF8bc670Cd8aE514Bd2e50e443Bf50d4c33ba,0.00000000001,native,,
0x5eAeF8bc670Cd8aE514Bd2e50e443Bf50d4c33ba,0.00000000001,native,,
0x5eAeF8bc670Cd8aE514Bd2e50e443Bf50d4c33ba,0.00000000001,native,,
0x5eAeF8bc670Cd8aE514Bd2e50e443Bf50d4c33ba,0.00000000001,native,,
0x5eAeF8bc670Cd8aE514Bd2e50e443Bf50d4c33ba,0.00000000001,native,,
0x5eAeF8bc670Cd8aE514Bd2e50e443Bf50d4c33ba,0.00000000001,native,,
0x5eAeF8bc670Cd8aE514Bd2e50e443Bf50d4c33ba,0.00000000001,native,,
0x5eAeF8bc670Cd8aE514Bd2e50e443Bf50d4c33ba,0.00000000001,native,,
0x5eAeF8bc670Cd8aE514Bd2e50e443Bf50d4c33ba,0.00000000001,native,,
0x5eAeF8bc670Cd8aE514Bd2e50e443Bf50d4c33ba,0.00000000001,native,,
0x5eAeF8bc670Cd8aE514Bd2e50e443Bf50d4c33ba,0.00000000001,native,,
0x5eAeF8bc670Cd8aE514Bd2e50e443Bf50d4c33ba,0.00000000001,native,,
0x5eAeF8bc670Cd8aE514Bd2e50e443Bf50d4c33ba,0.00000000001,native,,
0x5eAeF8bc670Cd8aE514Bd2e50e443Bf50d4c33ba,0.00000000001,native,,
0x5eAeF8bc670Cd8aE514Bd2e50e443Bf50d4c33ba,0.00000000001,native,,
0x5eAeF8bc670Cd8aE514Bd2e50e443Bf50d4c33ba,0.00000000001,native,,
0x5eAeF8bc670Cd8aE514Bd2e50e443Bf50d4c33ba,0.00000000001,native,,
0x5eAeF8bc670Cd8aE514Bd2e50e443Bf50d4c33ba,0.00000000001,native,,
0x5eAeF8bc670Cd8aE514Bd2e50e443Bf50d4c33ba,0.00000000001,native,,
0x5eAeF8bc670Cd8aE514Bd2e50e443Bf50d4c33ba,0.00000000001,native,,
0x5eAeF8bc670Cd8aE514Bd2e50e443Bf50d4c33ba,0.00000000001,native,,
0x5eAeF8bc670Cd8aE514Bd2e50e443Bf50d4c33ba,0.00000000001,native,,
0x5eAeF8bc670Cd8aE514Bd2e50e443Bf50d4c33ba,0.00000000001,native,,
0x5eAeF8bc670Cd8aE514Bd2e50e443Bf50d4c33ba,0.00000000001,native,,
0x5eAeF8bc670Cd8aE514Bd2e50e443Bf50d4c33ba,0.00000000001,native,,
0x5eAeF8bc670Cd8aE514Bd2e50e443Bf50d4c33ba,0.00000000001,native,,
0x5eAeF8bc670Cd8aE514Bd2e50e443Bf50d4c33ba,0.00000000001,native,,
0x5eAeF8bc670Cd8aE514Bd2e50e443Bf50d4c33ba,0.00000000001,native,,
0x5eAeF8bc670Cd8aE514Bd2e50e443Bf50d4c33ba,0.00000000001,native,,
0x5eAeF8bc670Cd8aE514Bd2e50e443Bf50d4c33ba,0.00000000001,native,,
0x5eAeF8bc670Cd8aE514Bd2e50e443Bf50d4c33ba,0.00000000001,native,,
0x5eAeF8bc670Cd8aE514Bd2e50e443Bf50d4c33ba,0.00000000001,native,,
0x5eAeF8bc670Cd8aE514Bd2e50e443Bf50d4c33ba,0.00000000001,native,,
0x5eAeF8bc670Cd8aE514Bd2e50e443Bf50d4c33ba,0.00000000001,native,,
0x5eAeF8bc670Cd8aE514Bd2e50e443Bf50d4c33ba,0.00000000001,native,,
0x5eAeF8bc670Cd8aE514Bd2e50e443Bf50d4c33ba,0.00000000001,native,,
0x5eAeF8bc670Cd8aE514Bd2e50e443Bf50d4c33ba,0.00000000001,native,,
0x5eAeF8bc670Cd8aE514Bd2e50e443Bf50d4c33ba,0.00000000001,native,,
0x5eAeF8bc670Cd8aE514Bd2e50e443Bf50d4c33ba,0.00000000001,native,,
0x5eAeF8bc670Cd8aE514Bd2e50e443Bf50d4c33ba,0.00000000001,native,,
0x5eAeF8bc670Cd8aE514Bd2e50e443Bf50d4c33ba,0.00000000001,native,,
0x5eAeF8bc670Cd8aE514Bd2e50e443Bf50d4c33ba,0.00000000001,native,,
0x5eAeF8bc670Cd8aE514Bd2e50e443Bf50d4c33ba,0.00000000001,native,,
0x5eAeF8bc670Cd8aE514Bd2e50e443Bf50d4c33ba,0.00000000001,native,,
0x5eAeF8bc670Cd8aE514Bd2e50e443Bf50d4c33ba,0.00000000001,native,,
0x5eAeF8bc670Cd8aE514Bd2e50e443Bf50d4c33ba,0.00000000001,native,,
0x5eAeF8bc670Cd8aE514Bd2e50e443Bf50d4c33ba,0.00000000001,native,,
0x5eAeF8bc670Cd8aE514Bd2e50e443Bf50d4c33ba,0.00000000001,native,,
0x5eAeF8bc670Cd8aE514Bd2e50e443Bf50d4c33ba,0.00000000001,native,,
0x5eAeF8bc670Cd8aE514Bd2e50e443Bf50d4c33ba,0.00000000001,native,,
0x5eAeF8bc670Cd8aE514Bd2e50e443Bf50d4c33ba,0.00000000001,native,,
0x5eAeF8bc670Cd8aE514Bd2e50e443Bf50d4c33ba,0.00000000001,native,,
0x5eAeF8bc670Cd8aE514Bd2e50e443Bf50d4c33ba,0.00000000001,native,,
0x5eAeF8bc670Cd8aE514Bd2e50e443Bf50d4c33ba,0.00000000001,native,,
0x5eAeF8bc670Cd8aE514Bd2e50e443Bf50d4c33ba,0.00000000001,native,,
0x5eAeF8bc670Cd8aE514Bd2e50e443Bf50d4c33ba,0.00000000001,native,,
0x5eAeF8bc670Cd8aE514Bd2e50e443Bf50d4c33ba,0.00000000001,native,,
0x5eAeF8bc670Cd8aE514Bd2e50e443Bf50d4c33ba,0.00000000001,native,,
0x5eAeF8bc670Cd8aE514Bd2e50e443Bf50d4c33ba,0.00000000001,native,,
0x5eAeF8bc670Cd8aE514Bd2e50e443Bf50d4c33ba,0.00000000001,native,,
0x5eAeF8bc670Cd8aE514Bd2e50e443Bf50d4c33ba,0.00000000001,native,,
0x5eAeF8bc670Cd8aE514Bd2e50e443Bf50d4c33ba,0.00000000001,native,,
0x5eAeF8bc670Cd8aE514Bd2e50e443Bf50d4c33ba,0.00000000001,native,,
0x5eAeF8bc670Cd8aE514Bd2e50e443Bf50d4c33ba,0.00000000001,native,,
0x5eAeF8bc670Cd8aE514Bd2e50e443Bf50d4c33ba,0.00000000001,native,,
0x5eAeF8bc670Cd8aE514Bd2e50e443Bf50d4c33ba,0.00000000001,native,,
0x5eAeF8bc670Cd8aE514Bd2e50e443Bf50d4c33ba,0.00000000001,native,,
0x5eAeF8bc670Cd8aE514Bd2e50e443Bf50d4c33ba,0.00000000001,native,,
0x5eAeF8bc670Cd8aE514Bd2e50e443Bf50d4c33ba,0.00000000001,native,,
0x5eAeF8bc670Cd8aE514Bd2e50e443Bf50d4c33ba,0.00000000001,native,,
0x5eAeF8bc670Cd8aE514Bd2e50e443Bf50d4c33ba,0.00000000001,native,,
0x5eAeF8bc670Cd8aE514Bd2e50e443Bf50d4c33ba,0.00000000001,native,,
0x5eAeF8bc670Cd8aE514Bd2e50e443Bf50d4c33ba,0.00000000001,native,,
0x5eAeF8bc670Cd8aE514Bd2e50e443Bf50d4c33ba,0.00000000001,native,,
0x5eAeF8bc670Cd8aE514Bd2e50e443Bf50d4c33ba,0.00000000001,native,,
0x5eAeF8bc670Cd8aE514Bd2e50e443Bf50d4c33ba,0.00000000001,native,,
0x5eAeF8bc670Cd8aE514Bd2e50e443Bf50d4c33ba,0.00000000001,native,,
0x5eAeF8bc670Cd8aE514Bd2e50e443Bf50d4c33ba,0.00000000001,native,,
0x5eAeF8bc670Cd8aE514Bd2e50e443Bf50d4c33ba,0.00000000001,native,,
0x5eAeF8bc670Cd8aE514Bd2e50e443Bf50d4c33ba,0.00000000001,native,,
0x5eAeF8bc670Cd8aE514Bd2e50e443Bf50d4c33ba,0.00000000001,native,,
0x5eAeF8bc670Cd8aE514Bd2e50e443Bf50d4c33ba,0.00000000001,native,,
0x5eAeF8bc670Cd8aE514Bd2e50e443Bf50d4c33ba,0.00000000001,native,,
0x5eAeF8bc670Cd8aE514Bd2e50e443Bf50d4c33ba,0.00000000001,native,,
0x5eAeF8bc670Cd8aE514Bd2e50e443Bf50d4c33ba,0.00000000001,native,,
0x5eAeF8bc670Cd8aE514Bd2e50e443Bf50d4c33ba,0.00000000001,native,,
0x5eAeF8bc670Cd8aE514Bd2e50e443Bf50d4c33ba,0.00000000001,native,,
0x5eAeF8bc670Cd8aE514Bd2e50e443Bf50d4c33ba,0.00000000001,native,,
0x5eAeF8bc670Cd8aE514Bd2e50e443Bf50d4c33ba,0.00000000001,native,,
0x5eAeF8bc670Cd8aE514Bd2e50e443Bf50d4c33ba,0.00000000001,native,,
0x5eAeF8bc670Cd8aE514Bd2e50e443Bf50d4c33ba,0.00000000001,native,,
0x5eAeF8bc670Cd8aE514Bd2e50e443Bf50d4c33ba,0.00000000001,native,,
0x5eAeF8bc670Cd8aE514Bd2e50e443Bf50d4c33ba,0.00000000001,native,,
0x5eAeF8bc670Cd8aE514Bd2e50e443Bf50d4c33ba,0.00000000001,native,,
0x5eAeF8bc670Cd8aE514Bd2e50e443Bf50d4c33ba,0.00000000001,native,,
0x5eAeF8bc670Cd8aE514Bd2e50e443Bf50d4c33ba,0.00000000001,native,,
0x5eAeF8bc670Cd8aE514Bd2e50e443Bf50d4c33ba,0.00000000001,native,,
0x5eAeF8bc670Cd8aE514Bd2e50e443Bf50d4c33ba,0.00000000001,native,,
0x5eAeF8bc670Cd8aE514Bd2e50e443Bf50d4c33ba,0.00000000001,native,,
0x5eAeF8bc670Cd8aE514Bd2e50e443Bf50d4c33ba,0.00000000001,native,,
0x5eAeF8bc670Cd8aE514Bd2e50e443Bf50d4c33ba,0.00000000001,native,,
0x5eAeF8bc670Cd8aE514Bd2e50e443Bf50d4c33ba,0.00000000001,native,,
0x5eAeF8bc670Cd8aE514Bd2e50e443Bf50d4c33ba,0.00000000001,native,,
0x5eAeF8bc670Cd8aE514Bd2e50e443Bf50d4c33ba,0.00000000001,native,,
0x5eAeF8bc670Cd8aE514Bd2e50e443Bf50d4c33ba,0.00000000001,native,,
0x5eAeF8bc670Cd8aE514Bd2e50e443Bf50d4c33ba,0.00000000001,native,,
0x5eAeF8bc670Cd8aE514Bd2e50e443Bf50d4c33ba,0.00000000001,native,,
0x5eAeF8bc670Cd8aE514Bd2e50e443Bf50d4c33ba,0.00000000001,native,,
0x5eAeF8bc670Cd8aE514Bd2e50e443Bf50d4c33ba,0.00000000001,native,,
0x5eAeF8bc670Cd8aE514Bd2e50e443Bf50d4c33ba,0.00000000001,native,,
0x5eAeF8bc670Cd8aE514Bd2e50e443Bf50d4c33ba,0.00000000001,native,,
0x5eAeF8bc670Cd8aE514Bd2e50e443Bf50d4c33ba,0.00000000001,native,,
0x5eAeF8bc670Cd8aE514Bd2e50e443Bf50d4c33ba,0.00000000001,native,,
0x5eAeF8bc670Cd8aE514Bd2e50e443Bf50d4c33ba,0.00000000001,native,,
0x5eAeF8bc670Cd8aE514Bd2e50e443Bf50d4c33ba,0.00000000001,native,,
0x5eAeF8bc670Cd8aE514Bd2e50e443Bf50d4c33ba,0.00000000001,native,,
0x5eAeF8bc670Cd8aE514Bd2e50e443Bf50d4c33ba,0.00000000001,native,,
0x5eAeF8bc670Cd8aE514Bd2e50e443Bf50d4c33ba,0.00000000001,native,,
0x5eAeF8bc670Cd8aE514Bd2e50e443Bf50d4c33ba,0.00000000001,native,,
0x5eAeF8bc670Cd8aE514Bd2e50e443Bf50d4c33ba,0.00000000001,native,,
0x5eAeF8bc670Cd8aE514Bd2e50e443Bf50d4c33ba,0.00000000001,native,,
0x5eAeF8bc670Cd8aE514Bd2e50e443Bf50d4c33ba,0.00000000001,native,,
0x5eAeF8bc670Cd8aE514Bd2e50e443Bf50d4c33ba,0.00000000001,native,,
0x5eAeF8bc670Cd8aE514Bd2e50e443Bf50d4c33ba,0.00000000001,native,,
0x5eAeF8bc670Cd8aE514Bd2e50e443Bf50d4c33ba,0.00000000001,native,,
0x5eAeF8bc670Cd8aE514Bd2e50e443Bf50d4c33ba,0.00000000001,native,,
0x5eAeF8bc670Cd8aE514Bd2e50e443Bf50d4c33ba,0.00000000001,native,,
0x5eAeF8bc670Cd8aE514Bd2e50e443Bf50d4c33ba,0.00000000001,native,,
0x5eAeF8bc670Cd8aE514Bd2e50e443Bf50d4c33ba,0.00000000001,native,,
0x5eAeF8bc670Cd8aE514Bd2e50e443Bf50d4c33ba,0.00000000001,native,,
0x5eAeF8bc670Cd8aE514Bd2e50e443Bf50d4c33ba,0.00000000001,native,,
0x5eAeF8bc670Cd8aE514Bd2e50e443Bf50d4c33ba,0.00000000001,native,,
0x5eAeF8bc670Cd8aE514Bd2e50e443Bf50d4c33ba,0.00000000001,native,,
0x5eAeF8bc670Cd8aE514Bd2e50e443Bf50d4c33ba,0.00000000001,native,,
0x5eAeF8bc670Cd8aE514Bd2e50e443Bf50d4c33ba,0.00000000001,native,,
0x5eAeF8bc670Cd8aE514Bd2e50e443Bf50d4c33ba,0.00000000001,native,,
0x5eAeF8bc670Cd8aE514Bd2e50e443Bf50d4c33ba,0.00000000001,native,,
0x5eAeF8bc670Cd8aE514Bd2e50e443Bf50d4c33ba,0.00000000001,native,,
0x5eAeF8bc670Cd8aE514Bd2e50e443Bf50d4c33ba,0.00000000001,native,,
0x5eAeF8bc670Cd8aE514Bd2e50e443Bf50d4c33ba,0.00000000001,native,,
0x5eAeF8bc670Cd8aE514Bd2e50e443Bf50d4c33ba,0.00000000001,native,,
0x5eAeF8bc670Cd8aE514Bd2e50e443Bf50d4c33ba,0.00000000001,native,,
0x5eAeF8bc670Cd8aE514Bd2e50e443Bf50d4c33ba,0.00000000001,native,,
0x5eAeF8bc670Cd8aE514Bd2e50e443Bf50d4c33ba,0.00000000001,native,,
0x5eAeF8bc670Cd8aE514Bd2e50e443Bf50d4c33ba,0.00000000001,native,,
0x5eAeF8bc670Cd8aE514Bd2e50e443Bf50d4c33ba,0.00000000001,native,,
0x5eAeF8bc670Cd8aE514Bd2e50e443Bf50d4c33ba,0.00000000001,native,,
0x5eAeF8bc670Cd8aE514Bd2e50e443Bf50d4c33ba,0.00000000001,native,,
0x5eAeF8bc670Cd8aE514Bd2e50e443Bf50d4c33ba,0.00000000001,native,,
0x5eAeF8bc670Cd8aE514Bd2e50e443Bf50d4c33ba,0.00000000001,native,,
0x5eAeF8bc670Cd8aE514Bd2e50e443Bf50d4c33ba,0.00000000001,native,,
0x5eAeF8bc670Cd8aE514Bd2e50e443Bf50d4c33ba,0.00000000001,native,,
0x5eAeF8bc670Cd8aE514Bd2e50e443Bf50d4c33ba,0.00000000001,native,,
0x5eAeF8bc670Cd8aE514Bd2e50e443Bf50d4c33ba,0.00000000001,native,,
0x5eAeF8bc670Cd8aE514Bd2e50e443Bf50d4c33ba,0.00000000001,native,,
0x5eAeF8bc670Cd8aE514Bd2e50e443Bf50d4c33ba,0.00000000001,native,,
0x5eAeF8bc670Cd8aE514Bd2e50e443Bf50d4c33ba,0.00000000001,native,,
0x5eAeF8bc670Cd8aE514Bd2e50e443Bf50d4c33ba,0.00000000001,native,,
0x5eAeF8bc670Cd8aE514Bd2e50e443Bf50d4c33ba,0.00000000001,native,,
0x5eAeF8bc670Cd8aE514Bd2e50e443Bf50d4c33ba,0.00000000001,native,,